{
  "1": [
    { "id": 1, "name": "Bangued", "zip_code": "2800" },
    { "id": 2, "name": "Boliney", "zip_code": "2815" },
    { "id": 3, "name": "Bucay", "zip_code": "2805" },
    { "id": 4, "name": "Bucloc", "zip_code": "2817" },
    { "id": 5, "name": "Daguioman", "zip_code": "2816" },
    { "id": 6, "name": "Danglas", "zip_code": "2825" },
    { "id": 7, "name": "Dolores", "zip_code": "2801" },
    { "id": 8, "name": "La Paz", "zip_code": "2826" },
    { "id": 9, "name": "Lacub", "zip_code": "2821" },
    { "id": 10, "name": "Lagangilang", "zip_code": "2902" },
    { "id": 11, "name": "Lagayan", "zip_code": "2824" },
    { "id": 12, "name": "Langiden", "zip_code": "2807" },
    { "id": 13, "name": "Licuan-Baay", "zip_code": "" },
    { "id": 14, "name": "Luba", "zip_code": "2813" },
    { "id": 15, "name": "Malibcong", "zip_code": "2820" },
    { "id": 16, "name": "Manabo", "zip_code": "2810" },
    { "id": 17, "name": "Peñarrubia", "zip_code": "" },
    { "id": 18, "name": "Pidigan", "zip_code": "2806" },
    { "id": 19, "name": "Pilar", "zip_code": "2812" },
    { "id": 20, "name": "Sallapadan", "zip_code": "2818" },
    { "id": 21, "name": "San Isidro", "zip_code": "2809" },
    { "id": 22, "name": "San Juan", "zip_code": "2823" },
    { "id": 23, "name": "San Quintin", "zip_code": "2808" },
    { "id": 24, "name": "Tayum", "zip_code": "2803" },
    { "id": 25, "name": "Tineg", "zip_code": "2822" },
    { "id": 26, "name": "Tubo", "zip_code": "2814" },
    { "id": 27, "name": "Villaviciosa", "zip_code": "2811" }
  ],
  "2": [
    { "id": 28, "name": "Butuan City", "zip_code": "8600" },
    { "id": 29, "name": "Buenavista", "zip_code": "8601" },
    { "id": 30, "name": "Cabadbaran", "zip_code": "8605" },
    { "id": 31, "name": "Carmen", "zip_code": "8603" },
    { "id": 32, "name": "Jabonga", "zip_code": "8607" },
    { "id": 33, "name": "Kitcharao", "zip_code": "8609" },
    { "id": 34, "name": "Las Nieves", "zip_code": "8610" },
    { "id": 35, "name": "Magallanes", "zip_code": "8604" },
    { "id": 36, "name": "Nasipit", "zip_code": "8602" },
    { "id": 37, "name": "Remedios T. Romualdez", "zip_code": "8611" },
    { "id": 38, "name": "Santiago", "zip_code": "8608" },
    { "id": 39, "name": "Tubay", "zip_code": "8606" }
  ],
  "3": [
    { "id": 40, "name": "Bayugan", "zip_code": "8502" },
    { "id": 41, "name": "Bunawan", "zip_code": "8506" },
    { "id": 42, "name": "Esperanza", "zip_code": "8513" },
    { "id": 43, "name": "La Paz", "zip_code": "8508" },
    { "id": 44, "name": "Loreto", "zip_code": "8507" },
    { "id": 45, "name": "Prosperidad", "zip_code": "8500" },
    { "id": 46, "name": "Rosario", "zip_code": "8504" },
    { "id": 47, "name": "San Francisco", "zip_code": "8501" },
    { "id": 48, "name": "San Luis", "zip_code": "8511" },
    { "id": 49, "name": "Santa Josefa", "zip_code": "8512" },
    { "id": 50, "name": "Sibagat", "zip_code": "8503" },
    { "id": 51, "name": "Talacogon", "zip_code": "8510" },
    { "id": 52, "name": "Trento", "zip_code": "8505" },
    { "id": 53, "name": "Veruela", "zip_code": "8509" }
  ],
  "4": [
    { "id": 54, "name": "Altavas", "zip_code": "5616" },
    { "id": 55, "name": "Balete", "zip_code": "" },
    { "id": 56, "name": "Banga", "zip_code": "5601" },
    { "id": 57, "name": "Batan", "zip_code": "5615" },
    { "id": 58, "name": "Buruanga", "zip_code": "5609" },
    { "id": 59, "name": "Ibajay", "zip_code": "5613" },
    { "id": 60, "name": "Kalibo", "zip_code": "5600" },
    { "id": 61, "name": "Lezo", "zip_code": "5605" },
    { "id": 62, "name": "Libacao", "zip_code": "5602" },
    { "id": 63, "name": "Madalag", "zip_code": "5603" },
    { "id": 64, "name": "Makato", "zip_code": "5611" },
    { "id": 65, "name": "Malay", "zip_code": "5608" },
    { "id": 66, "name": "Malinao", "zip_code": "5606" },
    { "id": 67, "name": "Nabas", "zip_code": "5607" },
    { "id": 68, "name": "New Washington", "zip_code": "5610" },
    { "id": 69, "name": "Numancia", "zip_code": "5604" },
    { "id": 70, "name": "Tangalan", "zip_code": "5612" }
  ],
  "5": [
    { "id": 71, "name": "Legazpi City", "zip_code": "4500" },
    { "id": 72, "name": "Ligao City", "zip_code": "4504" },
    { "id": 73, "name": "Tabaco City", "zip_code": "4511" },
    { "id": 74, "name": "Bacacay", "zip_code": "4509" },
    { "id": 75, "name": "Camalig", "zip_code": "4502" },
    { "id": 76, "name": "Daraga", "zip_code": "4501" },
    { "id": 77, "name": "Guinobatan", "zip_code": "4503" },
    { "id": 78, "name": "Jovellar", "zip_code": "4515" },
    { "id": 79, "name": "Libon", "zip_code": "4507" },
    { "id": 80, "name": "Malilipot", "zip_code": "4510" },
    { "id": 81, "name": "Malinao", "zip_code": "4512" },
    { "id": 82, "name": "Manito", "zip_code": "4514" },
    { "id": 83, "name": "Oas", "zip_code": "4505" },
    { "id": 84, "name": "Pio Duran", "zip_code": "4516" },
    { "id": 85, "name": "Polangui", "zip_code": "4506" },
    { "id": 86, "name": "Rapu-Rapu", "zip_code": "4517" },
    { "id": 87, "name": "Santo Domingo", "zip_code": "4508" },
    { "id": 88, "name": "Tiwi", "zip_code": "4513" }
  ],
  "6": [
    { "id": 89, "name": "Anini-y", "zip_code": "5717" },
    { "id": 90, "name": "Barbaza", "zip_code": "5706" },
    { "id": 91, "name": "Belison", "zip_code": "5701" },
    { "id": 92, "name": "Bugasong", "zip_code": "5704" },
    { "id": 93, "name": "Caluya", "zip_code": "5711" },
    { "id": 94, "name": "Culasi", "zip_code": "5708" },
    { "id": 95, "name": "Hamtic", "zip_code": "5715" },
    { "id": 96, "name": "Laua-an", "zip_code": "5705" },
    { "id": 97, "name": "Libertad", "zip_code": "5710" },
    { "id": 98, "name": "Pandan", "zip_code": "5712" },
    { "id": 99, "name": "Patnongon", "zip_code": "5702" },
    { "id": 100, "name": "San Jose", "zip_code": "6202" },
    { "id": 101, "name": "San Remigio", "zip_code": "6011" },
    { "id": 102, "name": "Sebaste", "zip_code": "5709" },
    { "id": 103, "name": "Sibalom", "zip_code": "5713" },
    { "id": 104, "name": "Tibiao", "zip_code": "5707" },
    { "id": 105, "name": "Tobias Fornier", "zip_code": "5716" },
    { "id": 106, "name": "Valderrama", "zip_code": "5703" }
  ],
  "7": [
    { "id": 107, "name": "Calanasan", "zip_code": "3814" },
    { "id": 108, "name": "Conner", "zip_code": "3807" },
    { "id": 109, "name": "Flora", "zip_code": "3810" },
    { "id": 110, "name": "Kabugao", "zip_code": "3809" },
    { "id": 111, "name": "Luna", "zip_code": "3813" },
    { "id": 112, "name": "Pudtol", "zip_code": "3812" },
    { "id": 113, "name": "Santa Marcela", "zip_code": "3811" }
  ],
  "8": [
    { "id": 114, "name": "Baler", "zip_code": "3200" },
    { "id": 115, "name": "Casiguran", "zip_code": "3204" },
    { "id": 116, "name": "Dilasag", "zip_code": "3205" },
    { "id": 117, "name": "Dinalungan", "zip_code": "3206" },
    { "id": 118, "name": "Dingalan", "zip_code": "3207" },
    { "id": 119, "name": "Dipaculao", "zip_code": "3203" },
    { "id": 120, "name": "Maria Aurora", "zip_code": "3202" },
    { "id": 121, "name": "San Luis", "zip_code": "3201" }
  ],
  "9": [
    { "id": 122, "name": "Isabela City", "zip_code": "7300" },
    { "id": 123, "name": "Akbar", "zip_code": "" },
    { "id": 124, "name": "Al-Barka", "zip_code": "" },
    { "id": 125, "name": "Hadji Mohammad Ajul", "zip_code": "" },
    { "id": 126, "name": "Hadji Muhtamad", "zip_code": "" },
    { "id": 127, "name": "Lamitan", "zip_code": "7302" },
    { "id": 128, "name": "Lantawan", "zip_code": "7301" },
    { "id": 129, "name": "Maluso", "zip_code": "7303" },
    { "id": 130, "name": "Sumisip", "zip_code": "7305" },
    { "id": 131, "name": "Tabuan-Lasa", "zip_code": "" },
    { "id": 132, "name": "Tipo-Tipo", "zip_code": "7304" },
    { "id": 133, "name": "Tuburan", "zip_code": "7306" },
    { "id": 134, "name": "Ungkaya Pukan", "zip_code": "" }
  ],
  "10": [
    { "id": 135, "name": "Balanga City", "zip_code": "2100" },
    { "id": 136, "name": "Abucay", "zip_code": "2114" },
    { "id": 137, "name": "Bagac", "zip_code": "2107" },
    { "id": 138, "name": "Dinalupihan", "zip_code": "2110" },
    { "id": 139, "name": "Hermosa", "zip_code": "2111" },
    { "id": 140, "name": "Limay", "zip_code": "2103" },
    { "id": 141, "name": "Mariveles", "zip_code": "2106" },
    { "id": 142, "name": "Morong", "zip_code": "2108" },
    { "id": 143, "name": "Orani", "zip_code": "2112" },
    { "id": 144, "name": "Orion", "zip_code": "2102" },
    { "id": 145, "name": "Pilar", "zip_code": "2101" },
    { "id": 146, "name": "Samal", "zip_code": "2113" }
  ],
  "11": [
    { "id": 147, "name": "Basco", "zip_code": "3900" },
    { "id": 148, "name": "Itbayat", "zip_code": "3905" },
    { "id": 149, "name": "Ivana", "zip_code": "3902" },
    { "id": 150, "name": "Mahatao", "zip_code": "3901" },
    { "id": 151, "name": "Sabtang", "zip_code": "3904" },
    { "id": 152, "name": "Uyugan", "zip_code": "3903" }
  ],
  "12": [
    { "id": 153, "name": "Batangas City", "zip_code": "4200" },
    { "id": 154, "name": "Lipa City", "zip_code": "4217" },
    { "id": 155, "name": "Tanauan City", "zip_code": "4232" },
    { "id": 156, "name": "Agoncillo", "zip_code": "4211" },
    { "id": 157, "name": "Alitagtag", "zip_code": "4205" },
    { "id": 158, "name": "Balayan", "zip_code": "4213" },
    { "id": 159, "name": "Balete", "zip_code": "" },
    { "id": 160, "name": "Bauan", "zip_code": "4201" },
    { "id": 161, "name": "Calaca", "zip_code": "4212" },
    { "id": 162, "name": "Calatagan", "zip_code": "4215" },
    { "id": 163, "name": "Cuenca", "zip_code": "4222" },
    { "id": 164, "name": "Ibaan", "zip_code": "4230" },
    { "id": 165, "name": "Laurel", "zip_code": "4221" },
    { "id": 166, "name": "Lemery", "zip_code": "4209" },
    { "id": 167, "name": "Lian", "zip_code": "4216" },
    { "id": 168, "name": "Lobo", "zip_code": "4229" },
    { "id": 169, "name": "Mabini", "zip_code": "4202" },
    { "id": 170, "name": "Malvar", "zip_code": "4233" },
    { "id": 171, "name": "Mataas na Kahoy", "zip_code": "4223" },
    { "id": 172, "name": "Nasugbu", "zip_code": "4231" },
    { "id": 173, "name": "Padre Garcia", "zip_code": "4224" },
    { "id": 174, "name": "Rosario", "zip_code": "4225" },
    { "id": 175, "name": "San Jose", "zip_code": "4227" },
    { "id": 176, "name": "San Juan", "zip_code": "4226" },
    { "id": 177, "name": "San Luis", "zip_code": "4210" },
    { "id": 178, "name": "San Nicolas", "zip_code": "4207" },
    { "id": 179, "name": "San Pascual", "zip_code": "4204" },
    { "id": 180, "name": "Santa Teresita", "zip_code": "4206" },
    { "id": 181, "name": "Santo Tomas", "zip_code": "4234" },
    { "id": 182, "name": "Taal", "zip_code": "4208" },
    { "id": 183, "name": "Talisay", "zip_code": "4220" },
    { "id": 184, "name": "Taysan", "zip_code": "4228" },
    { "id": 185, "name": "Tingloy", "zip_code": "4203" },
    { "id": 186, "name": "Tuy", "zip_code": "4214" }
  ],
  "13": [
    { "id": 187, "name": "Baguio City", "zip_code": "2600" },
    { "id": 188, "name": "Atok", "zip_code": "2612" },
    { "id": 189, "name": "Bakun", "zip_code": "2610" },
    { "id": 190, "name": "Bokod", "zip_code": "2605" },
    { "id": 191, "name": "Buguias", "zip_code": "2607" },
    { "id": 192, "name": "Itogon", "zip_code": "2604" },
    { "id": 193, "name": "Kabayan", "zip_code": "2606" },
    { "id": 194, "name": "Kapangan", "zip_code": "2613" },
    { "id": 195, "name": "Kibungan", "zip_code": "2611" },
    { "id": 196, "name": "La Trinidad", "zip_code": "2601" },
    { "id": 197, "name": "Mankayan", "zip_code": "2608" },
    { "id": 198, "name": "Sablan", "zip_code": "2614" },
    { "id": 199, "name": "Tuba", "zip_code": "2603" },
    { "id": 200, "name": "Tublay", "zip_code": "2615" }
  ],
  "14": [
    { "id": 201, "name": "Almeria", "zip_code": "6544" },
    { "id": 202, "name": "Biliran", "zip_code": "6544" },
    { "id": 203, "name": "Cabucgayan", "zip_code": "6550" },
    { "id": 204, "name": "Caibiran", "zip_code": "6548" },
    { "id": 205, "name": "Culaba", "zip_code": "6547" },
    { "id": 206, "name": "Kawayan", "zip_code": "6545" },
    { "id": 207, "name": "Maripipi", "zip_code": "6546" },
    { "id": 208, "name": "Naval", "zip_code": "6543" }
  ],
  "15": [
    { "id": 209, "name": "Tagbilaran City", "zip_code": "6300" },
    { "id": 210, "name": "Alburquerque", "zip_code": "" },
    { "id": 211, "name": "Alicia", "zip_code": "6314" },
    { "id": 212, "name": "Anda", "zip_code": "6311" },
    { "id": 213, "name": "Antequera", "zip_code": "6335" },
    { "id": 214, "name": "Baclayon", "zip_code": "6301" },
    { "id": 215, "name": "Balilihan", "zip_code": "6342" },
    { "id": 216, "name": "Batuan", "zip_code": "6318" },
    { "id": 217, "name": "Bien Unido", "zip_code": "6326" },
    { "id": 218, "name": "Bilar", "zip_code": "6317" },
    { "id": 219, "name": "Buenavista", "zip_code": "6333" },
    { "id": 220, "name": "Calape", "zip_code": "6328" },
    { "id": 221, "name": "Candijay", "zip_code": "6312" },
    { "id": 222, "name": "Carmen", "zip_code": "6319" },
    { "id": 223, "name": "Catigbian", "zip_code": "6343" },
    { "id": 224, "name": "Clarin", "zip_code": "6330" },
    { "id": 225, "name": "Corella", "zip_code": "6337" },
    { "id": 226, "name": "Cortes", "zip_code": "" },
    { "id": 227, "name": "Dagohoy", "zip_code": "6322" },
    { "id": 228, "name": "Danao", "zip_code": "6344" },
    { "id": 229, "name": "Dauis", "zip_code": "6339" },
    { "id": 230, "name": "Dimiao", "zip_code": "6305" },
    { "id": 231, "name": "Duero", "zip_code": "6309" },
    { "id": 232, "name": "Garcia Hernandez", "zip_code": "6307" },
    { "id": 233, "name": "Getafe", "zip_code": "" },
    { "id": 234, "name": "Guindulman", "zip_code": "6310" },
    { "id": 235, "name": "Inabanga", "zip_code": "6332" },
    { "id": 236, "name": "Jagna", "zip_code": "6308" },
    { "id": 237, "name": "Lila", "zip_code": "6304" },
    { "id": 238, "name": "Loay", "zip_code": "6303" },
    { "id": 239, "name": "Loboc", "zip_code": "6316" },
    { "id": 240, "name": "Loon", "zip_code": "6327" },
    { "id": 241, "name": "Mabini", "zip_code": "6313" },
    { "id": 242, "name": "Maribojoc", "zip_code": "6336" },
    { "id": 243, "name": "Panglao", "zip_code": "6340" },
    { "id": 244, "name": "Pilar", "zip_code": "6321" },
    { "id": 245, "name": "President Carlos P. Garcia", "zip_code": "" },
    { "id": 246, "name": "Sagbayan", "zip_code": "6331" },
    { "id": 247, "name": "San Isidro", "zip_code": "6345" },
    { "id": 248, "name": "San Miguel", "zip_code": "6323" },
    { "id": 249, "name": "Sevilla", "zip_code": "6347" },
    { "id": 250, "name": "Sierra Bullones", "zip_code": "6320" },
    { "id": 251, "name": "Sikatuna", "zip_code": "6338" },
    { "id": 252, "name": "Talibon", "zip_code": "6325" },
    { "id": 253, "name": "Trinidad", "zip_code": "6324" },
    { "id": 254, "name": "Tubigon", "zip_code": "6329" },
    { "id": 255, "name": "Ubay", "zip_code": "6315" },
    { "id": 256, "name": "Valencia", "zip_code": "6306" }
  ],
  "16": [
    { "id": 257, "name": "Malaybalay City", "zip_code": "8700" },
    { "id": 258, "name": "Valencia City", "zip_code": "8709" },
    { "id": 259, "name": "Baungon", "zip_code": "8707" },
    { "id": 260, "name": "Cabanglasan", "zip_code": "8723" },
    { "id": 261, "name": "Damulog", "zip_code": "8721" },
    { "id": 262, "name": "Dangcagan", "zip_code": "8719" },
    { "id": 263, "name": "Don Carlos", "zip_code": "8712" },
    { "id": 264, "name": "Impasug-ong", "zip_code": "8702" },
    { "id": 265, "name": "Kadingilan", "zip_code": "8713" },
    { "id": 266, "name": "Kalilangan", "zip_code": "8718" },
    { "id": 267, "name": "Kibawe", "zip_code": "8720" },
    { "id": 268, "name": "Kitaotao", "zip_code": "8716" },
    { "id": 269, "name": "Lantapan", "zip_code": "8722" },
    { "id": 270, "name": "Libona", "zip_code": "8706" },
    { "id": 271, "name": "Malitbog", "zip_code": "8704" },
    { "id": 272, "name": "Manolo Fortich", "zip_code": "8703" },
    { "id": 273, "name": "Maramag", "zip_code": "8714" },
    { "id": 274, "name": "Pangantucan", "zip_code": "8717" },
    { "id": 275, "name": "Quezon", "zip_code": "8715" },
    { "id": 276, "name": "San Fernando", "zip_code": "8711" },
    { "id": 277, "name": "Sumilao", "zip_code": "8701" },
    { "id": 278, "name": "Talakag", "zip_code": "8708" }
  ],
  "17": [
    { "id": 279, "name": "Malolos City", "zip_code": "3000" },
    { "id": 280, "name": "Meycauayan City", "zip_code": "3020" },
    { "id": 281, "name": "San Jose del Monte City", "zip_code": "3023" },
    { "id": 282, "name": "Angat", "zip_code": "3012" },
    { "id": 283, "name": "Balagtas", "zip_code": "3016" },
    { "id": 284, "name": "Baliuag", "zip_code": "3006" },
    { "id": 285, "name": "Bocaue", "zip_code": "3018" },
    { "id": 286, "name": "Bulacan", "zip_code": "3012" },
    { "id": 287, "name": "Bustos", "zip_code": "3007" },
    { "id": 288, "name": "Calumpit", "zip_code": "3003" },
    { "id": 289, "name": "Doña Remedios Trinidad", "zip_code": "" },
    { "id": 290, "name": "Guiguinto", "zip_code": "3015" },
    { "id": 291, "name": "Hagonoy", "zip_code": "3002" },
    { "id": 292, "name": "Marilao", "zip_code": "3019" },
    { "id": 293, "name": "Norzagaray", "zip_code": "3013" },
    { "id": 294, "name": "Obando", "zip_code": "3021" },
    { "id": 295, "name": "Pandi", "zip_code": "3014" },
    { "id": 296, "name": "Paombong", "zip_code": "3001" },
    { "id": 297, "name": "Plaridel", "zip_code": "3004" },
    { "id": 298, "name": "Pulilan", "zip_code": "3005" },
    { "id": 299, "name": "San Ildefonso", "zip_code": "3010" },
    { "id": 300, "name": "San Miguel", "zip_code": "3011" },
    { "id": 301, "name": "San Rafael", "zip_code": "3008" },
    { "id": 302, "name": "Santa Maria", "zip_code": "3022" }
  ],
  "18": [
    { "id": 303, "name": "Tuguegarao City", "zip_code": "3500" },
    { "id": 304, "name": "Abulug", "zip_code": "3517" },
    { "id": 305, "name": "Alcala", "zip_code": "3507" },
    { "id": 306, "name": "Allacapan", "zip_code": "3523" },
    { "id": 307, "name": "Amulung", "zip_code": "3505" },
    { "id": 308, "name": "Aparri", "zip_code": "3515" },
    { "id": 309, "name": "Baggao", "zip_code": "3506" },
    { "id": 310, "name": "Ballesteros", "zip_code": "3516" },
    { "id": 311, "name": "Buguey", "zip_code": "3511" },
    { "id": 312, "name": "Calayan", "zip_code": "3520" },
    { "id": 313, "name": "Camalaniugan", "zip_code": "3510" },
    { "id": 314, "name": "Claveria", "zip_code": "3519" },
    { "id": 315, "name": "Enrile", "zip_code": "3501" },
    { "id": 316, "name": "Gattaran", "zip_code": "3508" },
    { "id": 317, "name": "Gonzaga", "zip_code": "3513" },
    { "id": 318, "name": "Iguig", "zip_code": "3504" },
    { "id": 319, "name": "Lal-lo", "zip_code": "3509" },
    { "id": 320, "name": "Lasam", "zip_code": "3524" },
    { "id": 321, "name": "Pamplona", "zip_code": "3522" },
    { "id": 322, "name": "Peñablanca", "zip_code": "3502" },
    { "id": 323, "name": "Piat", "zip_code": "3527" },
    { "id": 324, "name": "Rizal", "zip_code": "3526" },
    { "id": 325, "name": "Sanchez-Mira", "zip_code": "" },
    { "id": 326, "name": "Santa Ana", "zip_code": "3514" },
    { "id": 327, "name": "Santa Praxedes", "zip_code": "3521" },
    { "id": 328, "name": "Santa Teresita", "zip_code": "3512" },
    { "id": 329, "name": "Santo Niño", "zip_code": "3525" },
    { "id": 330, "name": "Solana", "zip_code": "3503" },
    { "id": 331, "name": "Tuao", "zip_code": "3528" }
  ],
  "19": [
    { "id": 332, "name": "Basud", "zip_code": "4608" },
    { "id": 333, "name": "Capalonga", "zip_code": "4607" },
    { "id": 334, "name": "Daet", "zip_code": "4600" },
    { "id": 335, "name": "Jose Panganiban", "zip_code": "4606" },
    { "id": 336, "name": "Labo", "zip_code": "4604" },
    { "id": 337, "name": "Mercedes", "zip_code": "4601" },
    { "id": 338, "name": "Paracale", "zip_code": "4605" },
    { "id": 339, "name": "San Lorenzo Ruiz", "zip_code": "4610" },
    { "id": 340, "name": "San Vicente", "zip_code": "4609" },
    { "id": 341, "name": "Santa Elena", "zip_code": "4611" },
    { "id": 342, "name": "Talisay", "zip_code": "4602" },
    { "id": 343, "name": "Vinzons", "zip_code": "4603" }
  ],
  "20": [
    { "id": 344, "name": "Iriga City", "zip_code": "4431" },
    { "id": 345, "name": "Naga City", "zip_code": "4400" },
    { "id": 346, "name": "Baao", "zip_code": "4432" },
    { "id": 347, "name": "Balatan", "zip_code": "4436" },
    { "id": 348, "name": "Bato", "zip_code": "4435" },
    { "id": 349, "name": "Bombon", "zip_code": "4404" },
    { "id": 350, "name": "Buhi", "zip_code": "4433" },
    { "id": 351, "name": "Bula", "zip_code": "4430" },
    { "id": 352, "name": "Cabusao", "zip_code": "4406" },
    { "id": 353, "name": "Calabanga", "zip_code": "4405" },
    { "id": 354, "name": "Camaligan", "zip_code": "4401" },
    { "id": 355, "name": "Canaman", "zip_code": "4402" },
    { "id": 356, "name": "Caramoan", "zip_code": "4429" },
    { "id": 357, "name": "Del Gallego", "zip_code": "4411" },
    { "id": 358, "name": "Gainza", "zip_code": "4412" },
    { "id": 359, "name": "Garchitorena", "zip_code": "4428" },
    { "id": 360, "name": "Goa", "zip_code": "4422" },
    { "id": 361, "name": "Lagonoy", "zip_code": "4425" },
    { "id": 362, "name": "Libmanan", "zip_code": "4407" },
    { "id": 363, "name": "Lupi", "zip_code": "4409" },
    { "id": 364, "name": "Magarao", "zip_code": "4403" },
    { "id": 365, "name": "Milaor", "zip_code": "4413" },
    { "id": 366, "name": "Minalabac", "zip_code": "4414" },
    { "id": 367, "name": "Nabua", "zip_code": "4434" },
    { "id": 368, "name": "Ocampo", "zip_code": "4419" },
    { "id": 369, "name": "Pamplona", "zip_code": "4416" },
    { "id": 370, "name": "Pasacao", "zip_code": "4417" },
    { "id": 371, "name": "Pili", "zip_code": "4418" },
    { "id": 372, "name": "Presentacion", "zip_code": "4424" },
    { "id": 373, "name": "Ragay", "zip_code": "4410" },
    { "id": 374, "name": "Sagñay", "zip_code": "4421" },
    { "id": 375, "name": "San Fernando", "zip_code": "4415" },
    { "id": 376, "name": "San Jose", "zip_code": "4423" },
    { "id": 377, "name": "Sipocot", "zip_code": "4408" },
    { "id": 378, "name": "Siruma", "zip_code": "4427" },
    { "id": 379, "name": "Tigaon", "zip_code": "4420" },
    { "id": 380, "name": "Tinambac", "zip_code": "4426" }
  ],
  "21": [
    { "id": 381, "name": "Catarman", "zip_code": "9104" },
    { "id": 382, "name": "Guinsiliban", "zip_code": "9102" },
    { "id": 383, "name": "Mahinog", "zip_code": "9101" },
    { "id": 384, "name": "Mambajao", "zip_code": "9100" },
    { "id": 385, "name": "Sagay", "zip_code": "9103" }
  ],
  "22": [
    { "id": 386, "name": "Roxas City", "zip_code": "5800" },
    { "id": 387, "name": "Cuartero", "zip_code": "5811" },
    { "id": 388, "name": "Dao", "zip_code": "5810" },
    { "id": 389, "name": "Dumalag", "zip_code": "5813" },
    { "id": 390, "name": "Dumarao", "zip_code": "5812" },
    { "id": 391, "name": "Ivisan", "zip_code": "5805" },
    { "id": 392, "name": "Jamindan", "zip_code": "5808" },
    { "id": 393, "name": "Ma-ayon", "zip_code": "5809" },
    { "id": 394, "name": "Mambusao", "zip_code": "5807" },
    { "id": 395, "name": "Panay", "zip_code": "5801" },
    { "id": 396, "name": "Panitan", "zip_code": "5815" },
    { "id": 397, "name": "Pilar", "zip_code": "5804" },
    { "id": 398, "name": "Pontevedra", "zip_code": "5802" },
    { "id": 399, "name": "President Roxas", "zip_code": "5803" },
    { "id": 400, "name": "Sapi-an", "zip_code": "" },
    { "id": 401, "name": "Sigma", "zip_code": "5816" },
    { "id": 402, "name": "Tapaz", "zip_code": "5814" }
  ],
  "23": [
    { "id": 403, "name": "Bagamanoc", "zip_code": "4807" },
    { "id": 404, "name": "Baras", "zip_code": "4803" },
    { "id": 405, "name": "Bato", "zip_code": "4801" },
    { "id": 406, "name": "Caramoran", "zip_code": "4808" },
    { "id": 407, "name": "Gigmoto", "zip_code": "4804" },
    { "id": 408, "name": "Pandan", "zip_code": "4809" },
    { "id": 409, "name": "Panganiban", "zip_code": "4806" },
    { "id": 410, "name": "San Andres", "zip_code": "4810" },
    { "id": 411, "name": "San Miguel", "zip_code": "4802" },
    { "id": 412, "name": "Viga", "zip_code": "4805" },
    { "id": 413, "name": "Virac", "zip_code": "4800" }
  ],
  "24": [
    { "id": 414, "name": "Cavite City", "zip_code": "4100" },
    { "id": 415, "name": "Dasmariñas City", "zip_code": "4114" },
    { "id": 416, "name": "Tagaytay City", "zip_code": "4120" },
    { "id": 417, "name": "Trece Martires City", "zip_code": "4109" },
    { "id": 418, "name": "Alfonso", "zip_code": "4123" },
    { "id": 419, "name": "Amadeo", "zip_code": "4119" },
    { "id": 420, "name": "Bacoor", "zip_code": "4102" },
    { "id": 421, "name": "Carmona", "zip_code": "4116" },
    { "id": 422, "name": "General Mariano Alvarez", "zip_code": "4117" },
    { "id": 423, "name": "General Emilio Aguinaldo", "zip_code": "4124" },
    { "id": 424, "name": "General Trias", "zip_code": "4107" },
    { "id": 425, "name": "Imus", "zip_code": "4103" },
    { "id": 426, "name": "Indang", "zip_code": "4122" },
    { "id": 427, "name": "Kawit", "zip_code": "4104" },
    { "id": 428, "name": "Magallanes", "zip_code": "4113" },
    { "id": 429, "name": "Maragondon", "zip_code": "4112" },
    { "id": 430, "name": "Mendez", "zip_code": "4121" },
    { "id": 431, "name": "Naic", "zip_code": "4110" },
    { "id": 432, "name": "Noveleta", "zip_code": "4105" },
    { "id": 433, "name": "Rosario", "zip_code": "4106" },
    { "id": 434, "name": "Silang", "zip_code": "4118" },
    { "id": 435, "name": "Tanza", "zip_code": "4108" },
    { "id": 436, "name": "Ternate", "zip_code": "4111" }
  ],
  "25": [
    { "id": 437, "name": "Bogo City", "zip_code": "6010" },
    { "id": 438, "name": "Cebu City", "zip_code": "6000" },
    { "id": 439, "name": "Carcar City", "zip_code": "6019" },
    { "id": 440, "name": "Danao City", "zip_code": "6004" },
    { "id": 441, "name": "Lapu-Lapu City", "zip_code": "6015" },
    { "id": 442, "name": "Mandaue City", "zip_code": "6014" },
    { "id": 443, "name": "Naga City", "zip_code": "6037" },
    { "id": 444, "name": "Talisay City", "zip_code": "6045" },
    { "id": 445, "name": "Toledo City", "zip_code": "6038" },
    { "id": 446, "name": "Alcantara", "zip_code": "6033" },
    { "id": 447, "name": "Alcoy", "zip_code": "6023" },
    { "id": 448, "name": "Alegria", "zip_code": "6030" },
    { "id": 449, "name": "Aloguinsan", "zip_code": "6040" },
    { "id": 450, "name": "Argao", "zip_code": "6021" },
    { "id": 451, "name": "Asturias", "zip_code": "6042" },
    { "id": 452, "name": "Badian", "zip_code": "6031" },
    { "id": 453, "name": "Balamban", "zip_code": "6041" },
    { "id": 454, "name": "Bantayan", "zip_code": "6052" },
    { "id": 455, "name": "Barili", "zip_code": "6036" },
    { "id": 456, "name": "Boljoon", "zip_code": "6024" },
    { "id": 457, "name": "Borbon", "zip_code": "6008" },
    { "id": 458, "name": "Carmen", "zip_code": "6005" },
    { "id": 459, "name": "Catmon", "zip_code": "6006" },
    { "id": 460, "name": "Compostela", "zip_code": "6003" },
    { "id": 461, "name": "Consolacion", "zip_code": "6001" },
    { "id": 462, "name": "Cordoba", "zip_code": "" },
    { "id": 463, "name": "Daanbantayan", "zip_code": "6013" },
    { "id": 464, "name": "Dalaguete", "zip_code": "6022" },
    { "id": 465, "name": "Dumanjug", "zip_code": "6035" },
    { "id": 466, "name": "Ginatilan", "zip_code": "6028" },
    { "id": 467, "name": "Liloan", "zip_code": "6002" },
    { "id": 468, "name": "Madridejos", "zip_code": "6053" },
    { "id": 469, "name": "Malabuyoc", "zip_code": "6029" },
    { "id": 470, "name": "Medellin", "zip_code": "6012" },
    { "id": 471, "name": "Minglanilla", "zip_code": "6046" },
    { "id": 472, "name": "Moalboal", "zip_code": "6032" },
    { "id": 473, "name": "Oslob", "zip_code": "6025" },
    { "id": 474, "name": "Pilar", "zip_code": "6048" },
    { "id": 475, "name": "Pinamungahan", "zip_code": "6039" },
    { "id": 476, "name": "Poro", "zip_code": "6049" },
    { "id": 477, "name": "Ronda", "zip_code": "6034" },
    { "id": 478, "name": "Samboan", "zip_code": "6027" },
    { "id": 479, "name": "San Fernando", "zip_code": "6018" },
    { "id": 480, "name": "San Francisco", "zip_code": "6050" },
    { "id": 481, "name": "San Remigio", "zip_code": "6011" },
    { "id": 482, "name": "Santa Fe", "zip_code": "6047" },
    { "id": 483, "name": "Santander", "zip_code": "6026" },
    { "id": 484, "name": "Sibonga", "zip_code": "6020" },
    { "id": 485, "name": "Sogod", "zip_code": "6007" },
    { "id": 486, "name": "Tabogon", "zip_code": "6009" },
    { "id": 487, "name": "Tabuelan", "zip_code": "6044" },
    { "id": 488, "name": "Tuburan", "zip_code": "6043" },
    { "id": 489, "name": "Tudela", "zip_code": "6051" }
  ],
  "26": [
    { "id": 490, "name": "Compostela", "zip_code": "9413" },
    { "id": 491, "name": "Laak", "zip_code": "" },
    { "id": 492, "name": "Mabini", "zip_code": "" },
    { "id": 493, "name": "Maco", "zip_code": "" },
    { "id": 494, "name": "Maragusan", "zip_code": "" },
    { "id": 495, "name": "Mawab", "zip_code": "" },
    { "id": 496, "name": "Monkayo", "zip_code": "" },
    { "id": 497, "name": "Montevista", "zip_code": "" },
    { "id": 498, "name": "Nabunturan", "zip_code": "" },
    { "id": 499, "name": "New Bataan", "zip_code": "" },
    { "id": 500, "name": "Pantukan", "zip_code": "" }
  ],
  "27": [
    { "id": 501, "name": "Kidapawan City", "zip_code": "9400" },
    { "id": 502, "name": "Alamada", "zip_code": "9413" },
    { "id": 503, "name": "Aleosan", "zip_code": "9415" },
    { "id": 504, "name": "Antipas", "zip_code": "9414" },
    { "id": 505, "name": "Arakan", "zip_code": "9417" },
    { "id": 506, "name": "Banisilan", "zip_code": "9416" },
    { "id": 507, "name": "Carmen", "zip_code": "9408" },
    { "id": 508, "name": "Kabacan", "zip_code": "9407" },
    { "id": 509, "name": "Libungan", "zip_code": "9411" },
    { "id": 510, "name": "M'lang", "zip_code": "9402" },
    { "id": 511, "name": "Magpet", "zip_code": "9404" },
    { "id": 512, "name": "Makilala", "zip_code": "9401" },
    { "id": 513, "name": "Matalam", "zip_code": "9406" },
    { "id": 514, "name": "Midsayap", "zip_code": "9410" },
    { "id": 515, "name": "Pigkawayan", "zip_code": "9412" },
    { "id": 516, "name": "Pikit", "zip_code": "9409" },
    { "id": 517, "name": "President Roxas", "zip_code": "9405" },
    { "id": 518, "name": "Tulunan", "zip_code": "9403" }
  ],
  "28": [
    { "id": 519, "name": "Panabo City", "zip_code": "" },
    { "id": 520, "name": "Island Garden City of Samal", "zip_code": "" },
    { "id": 521, "name": "Tagum City", "zip_code": "" },
    { "id": 522, "name": "Asuncion", "zip_code": "" },
    { "id": 523, "name": "Braulio E. Dujali", "zip_code": "" },
    { "id": 524, "name": "Carmen", "zip_code": "9408" },
    { "id": 525, "name": "Kapalong", "zip_code": "" },
    { "id": 526, "name": "New Corella", "zip_code": "" },
    { "id": 527, "name": "San Isidro", "zip_code": "8421" },
    { "id": 528, "name": "Santo Tomas", "zip_code": "" },
    { "id": 529, "name": "Talaingod", "zip_code": "" }
  ],
  "29": [
    { "id": 530, "name": "Davao City", "zip_code": "9413" },
    { "id": 531, "name": "Digos City", "zip_code": "" },
    { "id": 532, "name": "Bansalan", "zip_code": "" },
    { "id": 533, "name": "Don Marcelino", "zip_code": "" },
    { "id": 534, "name": "Hagonoy", "zip_code": "" },
    { "id": 535, "name": "Jose Abad Santos", "zip_code": "" },
    { "id": 536, "name": "Kiblawan", "zip_code": "" },
    { "id": 537, "name": "Magsaysay", "zip_code": "" },
    { "id": 538, "name": "Malalag", "zip_code": "" },
    { "id": 539, "name": "Malita", "zip_code": "" },
    { "id": 540, "name": "Matanao", "zip_code": "" },
    { "id": 541, "name": "Padada", "zip_code": "" },
    { "id": 542, "name": "Santa Cruz", "zip_code": "" },
    { "id": 543, "name": "Santa Maria", "zip_code": "" },
    { "id": 544, "name": "Sarangani", "zip_code": "9501" },
    { "id": 545, "name": "Sulop", "zip_code": "" }
  ],
  "30": [
    { "id": 546, "name": "Mati City", "zip_code": "" },
    { "id": 547, "name": "Baganga", "zip_code": "" },
    { "id": 548, "name": "Banaybanay", "zip_code": "" },
    { "id": 549, "name": "Boston", "zip_code": "" },
    { "id": 550, "name": "Caraga", "zip_code": "" },
    { "id": 551, "name": "Cateel", "zip_code": "" },
    { "id": 552, "name": "Governor Generoso", "zip_code": "" },
    { "id": 553, "name": "Lupon", "zip_code": "" },
    { "id": 554, "name": "Manay", "zip_code": "" },
    { "id": 555, "name": "San Isidro", "zip_code": "8421" },
    { "id": 556, "name": "Tarragona", "zip_code": "" }
  ],
  "31": [
    { "id": 557, "name": "Arteche", "zip_code": "6822" },
    { "id": 558, "name": "Balangiga", "zip_code": "6812" },
    { "id": 559, "name": "Balangkayan", "zip_code": "6801" },
    { "id": 560, "name": "Borongan", "zip_code": "6800" },
    { "id": 561, "name": "Can-avid", "zip_code": "6806" },
    { "id": 562, "name": "Dolores", "zip_code": "6817" },
    { "id": 563, "name": "General MacArthur", "zip_code": "6805" },
    { "id": 564, "name": "Giporlos", "zip_code": "6811" },
    { "id": 565, "name": "Guiuan", "zip_code": "6809" },
    { "id": 566, "name": "Hernani", "zip_code": "6804" },
    { "id": 567, "name": "Jipapad", "zip_code": "6819" },
    { "id": 568, "name": "Lawaan", "zip_code": "6813" },
    { "id": 569, "name": "Llorente", "zip_code": "6803" },
    { "id": 570, "name": "Maslog", "zip_code": "6820" },
    { "id": 571, "name": "Maydolong", "zip_code": "6802" },
    { "id": 572, "name": "Mercedes", "zip_code": "6808" },
    { "id": 573, "name": "Oras", "zip_code": "6818" },
    { "id": 574, "name": "Quinapondan", "zip_code": "" },
    { "id": 575, "name": "Salcedo", "zip_code": "6807" },
    { "id": 576, "name": "San Julian", "zip_code": "6814" },
    { "id": 577, "name": "San Policarpo", "zip_code": "6821" },
    { "id": 578, "name": "Sulat", "zip_code": "6815" },
    { "id": 579, "name": "Taft", "zip_code": "6816" }
  ],
  "32": [
    { "id": 580, "name": "Buenavista", "zip_code": "5044" },
    { "id": 581, "name": "Jordan", "zip_code": "5045" },
    { "id": 582, "name": "Nueva Valencia", "zip_code": "5046" },
    { "id": 583, "name": "San Lorenzo", "zip_code": "" },
    { "id": 584, "name": "Sibunag", "zip_code": "" }
  ],
  "33": [
    { "id": 585, "name": "Aguinaldo", "zip_code": "3606" },
    { "id": 586, "name": "Alfonso Lista", "zip_code": "" },
    { "id": 587, "name": "Asipulo", "zip_code": "3610" },
    { "id": 588, "name": "Banaue", "zip_code": "3601" },
    { "id": 589, "name": "Hingyon", "zip_code": "3607" },
    { "id": 590, "name": "Hungduan", "zip_code": "3603" },
    { "id": 591, "name": "Kiangan", "zip_code": "3604" },
    { "id": 592, "name": "Lagawe", "zip_code": "3600" },
    { "id": 593, "name": "Lamut", "zip_code": "3605" },
    { "id": 594, "name": "Mayoyao", "zip_code": "3602" },
    { "id": 595, "name": "Tinoc", "zip_code": "3609" }
  ],
  "34": [
    { "id": 596, "name": "Batac City", "zip_code": "2906" },
    { "id": 597, "name": "Laoag City", "zip_code": "2900" },
    { "id": 598, "name": "Adams", "zip_code": "2922" },
    { "id": 599, "name": "Bacarra", "zip_code": "2916" },
    { "id": 600, "name": "Badoc", "zip_code": "2904" },
    { "id": 601, "name": "Bangui", "zip_code": "2920" },
    { "id": 602, "name": "Banna", "zip_code": "2908" },
    { "id": 603, "name": "Burgos", "zip_code": "2918" },
    { "id": 604, "name": "Carasi", "zip_code": "2911" },
    { "id": 605, "name": "Currimao", "zip_code": "2903" },
    { "id": 606, "name": "Dingras", "zip_code": "2913" },
    { "id": 607, "name": "Dumalneg", "zip_code": "2921" },
    { "id": 608, "name": "Marcos", "zip_code": "2907" },
    { "id": 609, "name": "Nueva Era", "zip_code": "2909" },
    { "id": 610, "name": "Pagudpud", "zip_code": "2919" },
    { "id": 611, "name": "Paoay", "zip_code": "2902" },
    { "id": 612, "name": "Pasuquin", "zip_code": "2917" },
    { "id": 613, "name": "Piddig", "zip_code": "2912" },
    { "id": 614, "name": "Pinili", "zip_code": "2905" },
    { "id": 615, "name": "San Nicolas", "zip_code": "2901" },
    { "id": 616, "name": "Sarrat", "zip_code": "2914" },
    { "id": 617, "name": "Solsona", "zip_code": "2910" },
    { "id": 618, "name": "Vintar", "zip_code": "2915" }
  ],
  "35": [
    { "id": 619, "name": "Candon City", "zip_code": "2710" },
    { "id": 620, "name": "Vigan City", "zip_code": "2700" },
    { "id": 621, "name": "Alilem", "zip_code": "2716" },
    { "id": 622, "name": "Banayoyo", "zip_code": "2708" },
    { "id": 623, "name": "Bantay", "zip_code": "2727" },
    { "id": 624, "name": "Burgos", "zip_code": "2724" },
    { "id": 625, "name": "Cabugao", "zip_code": "2732" },
    { "id": 626, "name": "Caoayan", "zip_code": "2702" },
    { "id": 627, "name": "Cervantes", "zip_code": "2718" },
    { "id": 628, "name": "Galimuyod", "zip_code": "2709" },
    { "id": 629, "name": "Gregorio Del Pilar", "zip_code": "2720" },
    { "id": 630, "name": "Lidlidda", "zip_code": "2723" },
    { "id": 631, "name": "Magsingal", "zip_code": "2730" },
    { "id": 632, "name": "Nagbukel", "zip_code": "2725" },
    { "id": 633, "name": "Narvacan", "zip_code": "2704" },
    { "id": 634, "name": "Quirino", "zip_code": "2721" },
    { "id": 635, "name": "Salcedo", "zip_code": "2711" },
    { "id": 636, "name": "San Emilio", "zip_code": "2722" },
    { "id": 637, "name": "San Esteban", "zip_code": "2706" },
    { "id": 638, "name": "San Ildefonso", "zip_code": "2728" },
    { "id": 639, "name": "San Juan", "zip_code": "2731" },
    { "id": 640, "name": "San Vicente", "zip_code": "2726" },
    { "id": 641, "name": "Santa", "zip_code": "2703" },
    { "id": 642, "name": "Santa Catalina", "zip_code": "2701" },
    { "id": 643, "name": "Santa Cruz", "zip_code": "2713" },
    { "id": 644, "name": "Santa Lucia", "zip_code": "2712" },
    { "id": 645, "name": "Santa Maria", "zip_code": "2440" },
    { "id": 646, "name": "Santiago", "zip_code": "2707" },
    { "id": 647, "name": "Santo Domingo", "zip_code": "2729" },
    { "id": 648, "name": "Sigay", "zip_code": "2719" },
    { "id": 649, "name": "Sinait", "zip_code": "2733" },
    { "id": 650, "name": "Sugpon", "zip_code": "2717" },
    { "id": 651, "name": "Suyo", "zip_code": "2715" },
    { "id": 652, "name": "Tagudin", "zip_code": "2714" }
  ],
  "36": [
    { "id": 653, "name": "Iloilo City", "zip_code": "5000" },
    { "id": 654, "name": "Passi City", "zip_code": "5037" },
    { "id": 655, "name": "Ajuy", "zip_code": "5012" },
    { "id": 656, "name": "Alimodian", "zip_code": "5028" },
    { "id": 657, "name": "Anilao", "zip_code": "5009" },
    { "id": 658, "name": "Badiangan", "zip_code": "5033" },
    { "id": 659, "name": "Balasan", "zip_code": "5018" },
    { "id": 660, "name": "Banate", "zip_code": "5010" },
    { "id": 661, "name": "Barotac Nuevo", "zip_code": "5007" },
    { "id": 662, "name": "Barotac Viejo", "zip_code": "5011" },
    { "id": 663, "name": "Batad", "zip_code": "5016" },
    { "id": 664, "name": "Bingawan", "zip_code": "5041" },
    { "id": 665, "name": "Cabatuan", "zip_code": "5031" },
    { "id": 666, "name": "Calinog", "zip_code": "5040" },
    { "id": 667, "name": "Carles", "zip_code": "5019" },
    { "id": 668, "name": "Concepcion", "zip_code": "5013" },
    { "id": 669, "name": "Dingle", "zip_code": "5035" },
    { "id": 670, "name": "Dueñas", "zip_code": "5038" },
    { "id": 671, "name": "Dumangas", "zip_code": "5006" },
    { "id": 672, "name": "Estancia", "zip_code": "5017" },
    { "id": 673, "name": "Guimbal", "zip_code": "5022" },
    { "id": 674, "name": "Igbaras", "zip_code": "5029" },
    { "id": 675, "name": "Janiuay", "zip_code": "5034" },
    { "id": 676, "name": "Lambunao", "zip_code": "5042" },
    { "id": 677, "name": "Leganes", "zip_code": "5003" },
    { "id": 678, "name": "Lemery", "zip_code": "5043" },
    { "id": 679, "name": "Leon", "zip_code": "5026" },
    { "id": 680, "name": "Maasin", "zip_code": "5030" },
    { "id": 681, "name": "Miagao", "zip_code": "5023" },
    { "id": 682, "name": "Mina", "zip_code": "5032" },
    { "id": 683, "name": "New Lucena", "zip_code": "5005" },
    { "id": 684, "name": "Oton", "zip_code": "5020" },
    { "id": 685, "name": "Pavia", "zip_code": "5001" },
    { "id": 686, "name": "Pototan", "zip_code": "5008" },
    { "id": 687, "name": "San Dionisio", "zip_code": "5015" },
    { "id": 688, "name": "San Enrique", "zip_code": "5036" },
    { "id": 689, "name": "San Joaquin", "zip_code": "5024" },
    { "id": 690, "name": "San Miguel", "zip_code": "5025" },
    { "id": 691, "name": "San Rafael", "zip_code": "5039" },
    { "id": 692, "name": "Santa Barbara", "zip_code": "5002" },
    { "id": 693, "name": "Sara", "zip_code": "5014" },
    { "id": 694, "name": "Tigbauan", "zip_code": "5021" },
    { "id": 695, "name": "Tubungan", "zip_code": "5027" },
    { "id": 696, "name": "Zarraga", "zip_code": "5004" }
  ],
  "37": [
    { "id": 697, "name": "Cauayan City", "zip_code": "3305" },
    { "id": 698, "name": "Santiago City", "zip_code": "3311" },
    { "id": 699, "name": "Alicia", "zip_code": "3306" },
    { "id": 700, "name": "Angadanan", "zip_code": "3307" },
    { "id": 701, "name": "Aurora", "zip_code": "3316" },
    { "id": 702, "name": "Benito Soliven", "zip_code": "3331" },
    { "id": 703, "name": "Burgos", "zip_code": "3322" },
    { "id": 704, "name": "Cabagan", "zip_code": "3328" },
    { "id": 705, "name": "Cabatuan", "zip_code": "3315" },
    { "id": 706, "name": "Cordon", "zip_code": "3312" },
    { "id": 707, "name": "Delfin Albano", "zip_code": "3326" },
    { "id": 708, "name": "Dinapigue", "zip_code": "3336" },
    { "id": 709, "name": "Divilacan", "zip_code": "" },
    { "id": 710, "name": "Echague", "zip_code": "3309" },
    { "id": 711, "name": "Gamu", "zip_code": "3301" },
    { "id": 712, "name": "Ilagan", "zip_code": "3300" },
    { "id": 713, "name": "Jones", "zip_code": "3313" },
    { "id": 714, "name": "Luna", "zip_code": "3304" },
    { "id": 715, "name": "Maconacon", "zip_code": "3333" },
    { "id": 716, "name": "Mallig", "zip_code": "3323" },
    { "id": 717, "name": "Naguilian", "zip_code": "3302" },
    { "id": 718, "name": "Palanan", "zip_code": "3334" },
    { "id": 719, "name": "Quezon", "zip_code": "3324" },
    { "id": 720, "name": "Quirino", "zip_code": "3321" },
    { "id": 721, "name": "Ramon", "zip_code": "3319" },
    { "id": 722, "name": "Reina Mercedes", "zip_code": "3303" },
    { "id": 723, "name": "Roxas", "zip_code": "3320" },
    { "id": 724, "name": "San Agustin", "zip_code": "3314" },
    { "id": 725, "name": "San Guillermo", "zip_code": "3308" },
    { "id": 726, "name": "San Isidro", "zip_code": "3310" },
    { "id": 727, "name": "San Manuel", "zip_code": "3317" },
    { "id": 728, "name": "San Mariano", "zip_code": "3332" },
    { "id": 729, "name": "San Mateo", "zip_code": "3318" },
    { "id": 730, "name": "San Pablo", "zip_code": "3329" },
    { "id": 731, "name": "Santa Maria", "zip_code": "3330" },
    { "id": 732, "name": "Santo Tomas", "zip_code": "3327" },
    { "id": 733, "name": "Tumauini", "zip_code": "3325" }
  ],
  "38": [
    { "id": 734, "name": "Tabuk", "zip_code": "3800" },
    { "id": 735, "name": "Balbalan", "zip_code": "3801" },
    { "id": 736, "name": "Lubuagan", "zip_code": "3802" },
    { "id": 737, "name": "Pasil", "zip_code": "3803" },
    { "id": 738, "name": "Pinukpuk", "zip_code": "3806" },
    { "id": 739, "name": "Rizal", "zip_code": "3808" },
    { "id": 740, "name": "Tanudan", "zip_code": "3805" },
    { "id": 741, "name": "Tinglayan", "zip_code": "3804" }
  ],
  "39": [
    { "id": 742, "name": "San Fernando City", "zip_code": "2500" },
    { "id": 743, "name": "Agoo", "zip_code": "2504" },
    { "id": 744, "name": "Aringay", "zip_code": "2503" },
    { "id": 745, "name": "Bacnotan", "zip_code": "2515" },
    { "id": 746, "name": "Bagulin", "zip_code": "2512" },
    { "id": 747, "name": "Balaoan", "zip_code": "2517" },
    { "id": 748, "name": "Bangar", "zip_code": "2519" },
    { "id": 749, "name": "Bauang", "zip_code": "2501" },
    { "id": 750, "name": "Burgos", "zip_code": "2510" },
    { "id": 751, "name": "Caba", "zip_code": "2502" },
    { "id": 752, "name": "Luna", "zip_code": "2518" },
    { "id": 753, "name": "Naguilian", "zip_code": "3302" },
    { "id": 754, "name": "Pugo", "zip_code": "2508" },
    { "id": 755, "name": "Rosario", "zip_code": "2506" },
    { "id": 756, "name": "San Gabriel", "zip_code": "2513" },
    { "id": 757, "name": "San Juan", "zip_code": "2514" },
    { "id": 758, "name": "Santo Tomas", "zip_code": "2505" },
    { "id": 759, "name": "Santol", "zip_code": "2516" },
    { "id": 760, "name": "Sudipen", "zip_code": "2520" },
    { "id": 761, "name": "Tubao", "zip_code": "2509" }
  ],
  "40": [
    { "id": 762, "name": "Biñan City", "zip_code": "4024" },
    { "id": 763, "name": "Calamba City", "zip_code": "4027" },
    { "id": 764, "name": "San Pablo City", "zip_code": "4000" },
    { "id": 765, "name": "Santa Rosa City", "zip_code": "4026" },
    { "id": 766, "name": "Alaminos", "zip_code": "4001" },
    { "id": 767, "name": "Bay", "zip_code": "4033" },
    { "id": 768, "name": "Cabuyao", "zip_code": "4025" },
    { "id": 769, "name": "Calauan", "zip_code": "4012" },
    { "id": 770, "name": "Cavinti", "zip_code": "4013" },
    { "id": 771, "name": "Famy", "zip_code": "4021" },
    { "id": 772, "name": "Kalayaan", "zip_code": "4015" },
    { "id": 773, "name": "Liliw", "zip_code": "4004" },
    { "id": 774, "name": "Los Baños", "zip_code": "4031" },
    { "id": 775, "name": "Luisiana", "zip_code": "4032" },
    { "id": 776, "name": "Lumban", "zip_code": "4014" },
    { "id": 777, "name": "Mabitac", "zip_code": "4020" },
    { "id": 778, "name": "Magdalena", "zip_code": "4007" },
    { "id": 779, "name": "Majayjay", "zip_code": "4005" },
    { "id": 780, "name": "Nagcarlan", "zip_code": "4002" },
    { "id": 781, "name": "Paete", "zip_code": "4016" },
    { "id": 782, "name": "Pagsanjan", "zip_code": "4008" },
    { "id": 783, "name": "Pakil", "zip_code": "4017" },
    { "id": 784, "name": "Pangil", "zip_code": "4018" },
    { "id": 785, "name": "Pila", "zip_code": "4010" },
    { "id": 786, "name": "Rizal", "zip_code": "4003" },
    { "id": 787, "name": "San Pedro", "zip_code": "4023" },
    { "id": 788, "name": "Santa Cruz", "zip_code": "4009" },
    { "id": 789, "name": "Santa Maria", "zip_code": "4022" },
    { "id": 790, "name": "Siniloan", "zip_code": "4019" },
    { "id": 791, "name": "Victoria", "zip_code": "4011" }
  ],
  "41": [
    { "id": 792, "name": "Iligan City", "zip_code": "9200" },
    { "id": 793, "name": "Bacolod", "zip_code": "9205" },
    { "id": 794, "name": "Baloi", "zip_code": "9217" },
    { "id": 795, "name": "Baroy", "zip_code": "9210" },
    { "id": 796, "name": "Kapatagan", "zip_code": "9214" },
    { "id": 797, "name": "Kauswagan", "zip_code": "9202" },
    { "id": 798, "name": "Kolambugan", "zip_code": "9207" },
    { "id": 799, "name": "Lala", "zip_code": "9211" },
    { "id": 800, "name": "Linamon", "zip_code": "9201" },
    { "id": 801, "name": "Magsaysay", "zip_code": "9221" },
    { "id": 802, "name": "Maigo", "zip_code": "9206" },
    { "id": 803, "name": "Matungao", "zip_code": "9203" },
    { "id": 804, "name": "Munai", "zip_code": "9219" },
    { "id": 805, "name": "Nunungan", "zip_code": "9216" },
    { "id": 806, "name": "Pantao Ragat", "zip_code": "9208" },
    { "id": 807, "name": "Pantar", "zip_code": "9218" },
    { "id": 808, "name": "Poona Piagapo", "zip_code": "9204" },
    { "id": 809, "name": "Salvador", "zip_code": "9212" },
    { "id": 810, "name": "Sapad", "zip_code": "9213" },
    { "id": 811, "name": "Sultan Naga Dimaporo", "zip_code": "9215" },
    { "id": 812, "name": "Tagoloan", "zip_code": "9222" },
    { "id": 813, "name": "Tangcal", "zip_code": "9220" },
    { "id": 814, "name": "Tubod", "zip_code": "9209" }
  ],
  "42": [
    { "id": 815, "name": "Marawi City", "zip_code": "" },
    { "id": 816, "name": "Bacolod-Kalawi", "zip_code": "" },
    { "id": 817, "name": "Balabagan", "zip_code": "9302" },
    { "id": 818, "name": "Balindong", "zip_code": "9318" },
    { "id": 819, "name": "Bayang", "zip_code": "9309" },
    { "id": 820, "name": "Binidayan", "zip_code": "9310" },
    { "id": 821, "name": "Buadiposo-Buntong", "zip_code": "" },
    { "id": 822, "name": "Bubong", "zip_code": "9708" },
    { "id": 823, "name": "Bumbaran", "zip_code": "9320" },
    { "id": 824, "name": "Butig", "zip_code": "9305" },
    { "id": 825, "name": "Calanogas", "zip_code": "9319" },
    { "id": 826, "name": "Ditsaan-Ramain", "zip_code": "" },
    { "id": 827, "name": "Ganassi", "zip_code": "9311" },
    { "id": 828, "name": "Kapai", "zip_code": "9709" },
    { "id": 829, "name": "Kapatagan", "zip_code": "9214" },
    { "id": 830, "name": "Lumba-Bayabao", "zip_code": "" },
    { "id": 831, "name": "Lumbaca-Unayan", "zip_code": "" },
    { "id": 832, "name": "Lumbatan", "zip_code": "9307" },
    { "id": 833, "name": "Lumbayanague", "zip_code": "9306" },
    { "id": 834, "name": "Madalum", "zip_code": "9315" },
    { "id": 835, "name": "Madamba", "zip_code": "9314" },
    { "id": 836, "name": "Maguing", "zip_code": "9715" },
    { "id": 837, "name": "Malabang", "zip_code": "9300" },
    { "id": 838, "name": "Marantao", "zip_code": "" },
    { "id": 839, "name": "Marogong", "zip_code": "" },
    { "id": 840, "name": "Masiu", "zip_code": "" },
    { "id": 841, "name": "Mulondo", "zip_code": "" },
    { "id": 842, "name": "Pagayawan", "zip_code": "" },
    { "id": 843, "name": "Piagapo", "zip_code": "9204" },
    { "id": 844, "name": "Poona Bayabao", "zip_code": "" },
    { "id": 845, "name": "Pualas", "zip_code": "" },
    { "id": 846, "name": "Saguiaran", "zip_code": "" },
    { "id": 847, "name": "Sultan Dumalondong", "zip_code": "" },
    { "id": 848, "name": "Picong", "zip_code": "" },
    { "id": 849, "name": "Tagoloan II", "zip_code": "" },
    { "id": 850, "name": "Tamparan", "zip_code": "" },
    { "id": 851, "name": "Taraka", "zip_code": "" },
    { "id": 852, "name": "Tubaran", "zip_code": "" },
    { "id": 853, "name": "Tugaya", "zip_code": "" },
    { "id": 854, "name": "Wao", "zip_code": "" }
  ],
  "43": [
    { "id": 855, "name": "Ormoc City", "zip_code": "6541" },
    { "id": 856, "name": "Tacloban City", "zip_code": "6500" },
    { "id": 857, "name": "Abuyog", "zip_code": "6510" },
    { "id": 858, "name": "Alangalang", "zip_code": "6517" },
    { "id": 859, "name": "Albuera", "zip_code": "6542" },
    { "id": 860, "name": "Babatngon", "zip_code": "6520" },
    { "id": 861, "name": "Barugo", "zip_code": "6519" },
    { "id": 862, "name": "Bato", "zip_code": "6525" },
    { "id": 863, "name": "Baybay", "zip_code": "6521" },
    { "id": 864, "name": "Burauen", "zip_code": "6516" },
    { "id": 865, "name": "Calubian", "zip_code": "6534" },
    { "id": 866, "name": "Capoocan", "zip_code": "6530" },
    { "id": 867, "name": "Carigara", "zip_code": "6529" },
    { "id": 868, "name": "Dagami", "zip_code": "6515" },
    { "id": 869, "name": "Dulag", "zip_code": "6505" },
    { "id": 870, "name": "Hilongos", "zip_code": "6524" },
    { "id": 871, "name": "Hindang", "zip_code": "6523" },
    { "id": 872, "name": "Inopacan", "zip_code": "6522" },
    { "id": 873, "name": "Isabel", "zip_code": "6539" },
    { "id": 874, "name": "Jaro", "zip_code": "6527" },
    { "id": 875, "name": "Javier", "zip_code": "6511" },
    { "id": 876, "name": "Julita", "zip_code": "6506" },
    { "id": 877, "name": "Kananga", "zip_code": "6531" },
    { "id": 878, "name": "La Paz", "zip_code": "6508" },
    { "id": 879, "name": "Leyte", "zip_code": "6510" },
    { "id": 880, "name": "Liloan", "zip_code": "6612" },
    { "id": 881, "name": "MacArthur", "zip_code": "6509" },
    { "id": 882, "name": "Mahaplag", "zip_code": "6512" },
    { "id": 883, "name": "Matag-ob", "zip_code": "6532" },
    { "id": 884, "name": "Matalom", "zip_code": "6526" },
    { "id": 885, "name": "Mayorga", "zip_code": "6507" },
    { "id": 886, "name": "Merida", "zip_code": "6540" },
    { "id": 887, "name": "Palo", "zip_code": "6501" },
    { "id": 888, "name": "Palompon", "zip_code": "6538" },
    { "id": 889, "name": "Pastrana", "zip_code": "6514" },
    { "id": 890, "name": "San Isidro", "zip_code": "6535" },
    { "id": 891, "name": "San Miguel", "zip_code": "6518" },
    { "id": 892, "name": "Santa Fe", "zip_code": "6513" },
    { "id": 893, "name": "Sogod", "zip_code": "6606" },
    { "id": 894, "name": "Tabango", "zip_code": "6536" },
    { "id": 895, "name": "Tabontabon", "zip_code": "6504" },
    { "id": 896, "name": "Tanauan", "zip_code": "6502" },
    { "id": 897, "name": "Tolosa", "zip_code": "6503" },
    { "id": 898, "name": "Tunga", "zip_code": "6528" },
    { "id": 899, "name": "Villaba", "zip_code": "6537" }
  ],
  "44": [
    { "id": 900, "name": "Cotabato City", "zip_code": "9600" },
    { "id": 901, "name": "Ampatuan", "zip_code": "9609" },
    { "id": 902, "name": "Barira", "zip_code": "9614" },
    { "id": 903, "name": "Buldon", "zip_code": "9615" },
    { "id": 904, "name": "Buluan", "zip_code": "9616" },
    { "id": 905, "name": "Datu Abdullah Sangki", "zip_code": "" },
    { "id": 906, "name": "Datu Anggal Midtimbang", "zip_code": "" },
    { "id": 907, "name": "Datu Blah T. Sinsuat", "zip_code": "" },
    { "id": 908, "name": "Datu Hoffer Ampatuan", "zip_code": "" },
    { "id": 909, "name": "Datu Montawal", "zip_code": "" },
    { "id": 910, "name": "Datu Odin Sinsuat", "zip_code": "9601" },
    { "id": 911, "name": "Datu Paglas", "zip_code": "9617" },
    { "id": 912, "name": "Datu Piang", "zip_code": "9607" },
    { "id": 913, "name": "Datu Salibo", "zip_code": "" },
    { "id": 914, "name": "Datu Saudi-Ampatuan", "zip_code": "" },
    { "id": 915, "name": "Datu Unsay", "zip_code": "" },
    { "id": 916, "name": "General Salipada K. Pendatun", "zip_code": "" },
    { "id": 917, "name": "Guindulungan", "zip_code": "" },
    { "id": 918, "name": "Kabuntalan", "zip_code": "" },
    { "id": 919, "name": "Mamasapano", "zip_code": "" },
    { "id": 920, "name": "Mangudadatu", "zip_code": "" },
    { "id": 921, "name": "Matanog", "zip_code": "9613" },
    { "id": 922, "name": "Northern Kabuntalan", "zip_code": "" },
    { "id": 923, "name": "Pagalungan", "zip_code": "9610" },
    { "id": 924, "name": "Paglat", "zip_code": "" },
    { "id": 925, "name": "Pandag", "zip_code": "" },
    { "id": 926, "name": "Parang", "zip_code": "9604" },
    { "id": 927, "name": "Rajah Buayan", "zip_code": "" },
    { "id": 928, "name": "Shariff Aguak", "zip_code": "9608" },
    { "id": 929, "name": "Shariff Saydona Mustapha", "zip_code": "" },
    { "id": 930, "name": "South Upi", "zip_code": "9603" },
    { "id": 931, "name": "Sultan Kudarat", "zip_code": "9605" },
    { "id": 932, "name": "Sultan Mastura", "zip_code": "" },
    { "id": 933, "name": "Sultan sa Barongis", "zip_code": "9611" },
    { "id": 934, "name": "Talayan", "zip_code": "9612" },
    { "id": 935, "name": "Talitay", "zip_code": "" },
    { "id": 936, "name": "Upi", "zip_code": "9603" }
  ],
  "45": [
    { "id": 937, "name": "Boac", "zip_code": "4900" },
    { "id": 938, "name": "Buenavista", "zip_code": "4904" },
    { "id": 939, "name": "Gasan", "zip_code": "4905" },
    { "id": 940, "name": "Mogpog", "zip_code": "4901" },
    { "id": 941, "name": "Santa Cruz", "zip_code": "4902" },
    { "id": 942, "name": "Torrijos", "zip_code": "4903" }
  ],
  "46": [
    { "id": 943, "name": "Masbate City", "zip_code": "5414" },
    { "id": 944, "name": "Aroroy", "zip_code": "5414" },
    { "id": 945, "name": "Baleno", "zip_code": "5413" },
    { "id": 946, "name": "Balud", "zip_code": "5412" },
    { "id": 947, "name": "Batuan", "zip_code": "5415" },
    { "id": 948, "name": "Cataingan", "zip_code": "5405" },
    { "id": 949, "name": "Cawayan", "zip_code": "5409" },
    { "id": 950, "name": "Claveria", "zip_code": "5419" },
    { "id": 951, "name": "Dimasalang", "zip_code": "5403" },
    { "id": 952, "name": "Esperanza", "zip_code": "5407" },
    { "id": 953, "name": "Mandaon", "zip_code": "5411" },
    { "id": 954, "name": "Milagros", "zip_code": "5410" },
    { "id": 955, "name": "Mobo", "zip_code": "5401" },
    { "id": 956, "name": "Monreal", "zip_code": "5418" },
    { "id": 957, "name": "Palanas", "zip_code": "5404" },
    { "id": 958, "name": "Pio V. Corpuz", "zip_code": "5406" },
    { "id": 959, "name": "Placer", "zip_code": "5408" },
    { "id": 960, "name": "San Fernando", "zip_code": "5416" },
    { "id": 961, "name": "San Jacinto", "zip_code": "5417" },
    { "id": 962, "name": "San Pascual", "zip_code": "5420" },
    { "id": 963, "name": "Uson", "zip_code": "5402" }
  ],
  "47": [
    { "id": 964, "name": "Caloocan", "zip_code": "" },
    { "id": 965, "name": "Las Piñas", "zip_code": "1740" },
    { "id": 966, "name": "Makati", "zip_code": "1224" },
    { "id": 967, "name": "Malabon", "zip_code": "1470" },
    { "id": 968, "name": "Mandaluyong", "zip_code": "" },
    { "id": 969, "name": "Manila", "zip_code": "" },
    { "id": 970, "name": "Marikina", "zip_code": "1800" },
    { "id": 971, "name": "Muntinlupa", "zip_code": "1770" },
    { "id": 972, "name": "Navotas", "zip_code": "1485" },
    { "id": 973, "name": "Parañaque", "zip_code": "1700" },
    { "id": 974, "name": "Pasay", "zip_code": "1300" },
    { "id": 975, "name": "Pasig", "zip_code": "1600" },
    { "id": 976, "name": "Quezon City", "zip_code": "1100" },
    { "id": 977, "name": "San Juan City", "zip_code": "1500" },
    { "id": 978, "name": "Taguig", "zip_code": "" },
    { "id": 979, "name": "Valenzuela City", "zip_code": "1208" },
    { "id": 980, "name": "Pateros", "zip_code": "" }
  ],
  "48": [
    { "id": 981, "name": "Oroquieta City", "zip_code": "7207" },
    { "id": 982, "name": "Ozamiz City", "zip_code": "" },
    { "id": 983, "name": "Tangub City", "zip_code": "7214" },
    { "id": 984, "name": "Aloran", "zip_code": "7206" },
    { "id": 985, "name": "Baliangao", "zip_code": "7211" },
    { "id": 986, "name": "Bonifacio", "zip_code": "7215" },
    { "id": 987, "name": "Calamba", "zip_code": "7210" },
    { "id": 988, "name": "Clarin", "zip_code": "7201" },
    { "id": 989, "name": "Concepcion", "zip_code": "7213" },
    { "id": 990, "name": "Don Victoriano Chiongbian", "zip_code": "" },
    { "id": 991, "name": "Jimenez", "zip_code": "7204" },
    { "id": 992, "name": "Lopez Jaena", "zip_code": "7208" },
    { "id": 993, "name": "Panaon", "zip_code": "7205" },
    { "id": 994, "name": "Plaridel", "zip_code": "7209" },
    { "id": 995, "name": "Sapang Dalaga", "zip_code": "7212" },
    { "id": 996, "name": "Sinacaban", "zip_code": "7203" },
    { "id": 997, "name": "Tudela", "zip_code": "7202" }
  ],
  "49": [
    { "id": 998, "name": "Cagayan de Oro", "zip_code": "9000" },
    { "id": 999, "name": "Gingoog City", "zip_code": "9014" },
    { "id": 1000, "name": "Alubijid", "zip_code": "9018" },
    { "id": 1001, "name": "Balingasag", "zip_code": "9005" },
    { "id": 1002, "name": "Balingoan", "zip_code": "9011" },
    { "id": 1003, "name": "Binuangan", "zip_code": "9008" },
    { "id": 1004, "name": "Claveria", "zip_code": "9004" },
    { "id": 1005, "name": "El Salvador", "zip_code": "9017" },
    { "id": 1006, "name": "Gitagum", "zip_code": "9020" },
    { "id": 1007, "name": "Initao", "zip_code": "9022" },
    { "id": 1008, "name": "Jasaan", "zip_code": "9003" },
    { "id": 1009, "name": "Kinoguitan", "zip_code": "9010" },
    { "id": 1010, "name": "Lagonglong", "zip_code": "9006" },
    { "id": 1011, "name": "Laguindingan", "zip_code": "9019" },
    { "id": 1012, "name": "Libertad", "zip_code": "9021" },
    { "id": 1013, "name": "Lugait", "zip_code": "9025" },
    { "id": 1014, "name": "Magsaysay", "zip_code": "9015" },
    { "id": 1015, "name": "Manticao", "zip_code": "9024" },
    { "id": 1016, "name": "Medina", "zip_code": "9013" },
    { "id": 1017, "name": "Naawan", "zip_code": "9023" },
    { "id": 1018, "name": "Opol", "zip_code": "9016" },
    { "id": 1019, "name": "Salay", "zip_code": "9007" },
    { "id": 1020, "name": "Sugbongcogon", "zip_code": "9009" },
    { "id": 1021, "name": "Tagoloan", "zip_code": "9001" },
    { "id": 1022, "name": "Talisayan", "zip_code": "9012" },
    { "id": 1023, "name": "Villanueva", "zip_code": "9002" }
  ],
  "50": [
    { "id": 1024, "name": "Barlig", "zip_code": "2623" },
    { "id": 1025, "name": "Bauko", "zip_code": "2621" },
    { "id": 1026, "name": "Besao", "zip_code": "2618" },
    { "id": 1027, "name": "Bontoc", "zip_code": "2616" },
    { "id": 1028, "name": "Natonin", "zip_code": "2624" },
    { "id": 1029, "name": "Paracelis", "zip_code": "2625" },
    { "id": 1030, "name": "Sabangan", "zip_code": "2622" },
    { "id": 1031, "name": "Sadanga", "zip_code": "2617" },
    { "id": 1032, "name": "Sagada", "zip_code": "2619" },
    { "id": 1033, "name": "Tadian", "zip_code": "2620" }
  ],
  "51": [
    { "id": 1034, "name": "Bacolod City", "zip_code": "6100" },
    { "id": 1035, "name": "Bago City", "zip_code": "6101" },
    { "id": 1036, "name": "Cadiz City", "zip_code": "6121" },
    { "id": 1037, "name": "Escalante City", "zip_code": "6124" },
    { "id": 1038, "name": "Himamaylan City", "zip_code": "6108" },
    { "id": 1039, "name": "Kabankalan City", "zip_code": "6111" },
    { "id": 1040, "name": "La Carlota City", "zip_code": "6130" },
    { "id": 1041, "name": "Sagay City", "zip_code": "6122" },
    { "id": 1042, "name": "San Carlos City", "zip_code": "6127" },
    { "id": 1043, "name": "Silay City", "zip_code": "6116" },
    { "id": 1044, "name": "Sipalay City", "zip_code": "6113" },
    { "id": 1045, "name": "Talisay City", "zip_code": "6115" },
    { "id": 1046, "name": "Victorias City", "zip_code": "6119" },
    { "id": 1047, "name": "Binalbagan", "zip_code": "6107" },
    { "id": 1048, "name": "Calatrava", "zip_code": "6126" },
    { "id": 1049, "name": "Candoni", "zip_code": "6110" },
    { "id": 1050, "name": "Cauayan", "zip_code": "6112" },
    { "id": 1051, "name": "Enrique B. Magalona", "zip_code": "6118" },
    { "id": 1052, "name": "Hinigaran", "zip_code": "6106" },
    { "id": 1053, "name": "Hinoba-an", "zip_code": "6114" },
    { "id": 1054, "name": "Ilog", "zip_code": "6109" },
    { "id": 1055, "name": "Isabela", "zip_code": "6128" },
    { "id": 1056, "name": "La Castellana", "zip_code": "6131" },
    { "id": 1057, "name": "Manapla", "zip_code": "6120" },
    { "id": 1058, "name": "Moises Padilla", "zip_code": "6132" },
    { "id": 1059, "name": "Murcia", "zip_code": "6129" },
    { "id": 1060, "name": "Pontevedra", "zip_code": "6105" },
    { "id": 1061, "name": "Pulupandan", "zip_code": "6102" },
    { "id": 1062, "name": "Salvador Benedicto", "zip_code": "" },
    { "id": 1063, "name": "San Enrique", "zip_code": "6104" },
    { "id": 1064, "name": "Toboso", "zip_code": "6125" },
    { "id": 1065, "name": "Valladolid", "zip_code": "6103" }
  ],
  "52": [
    { "id": 1066, "name": "Bais City", "zip_code": "6206" },
    { "id": 1067, "name": "Bayawan City", "zip_code": "6221" },
    { "id": 1068, "name": "Canlaon City", "zip_code": "6223" },
    { "id": 1069, "name": "Guihulngan City", "zip_code": "6214" },
    { "id": 1070, "name": "Dumaguete City", "zip_code": "6200" },
    { "id": 1071, "name": "Tanjay City", "zip_code": "6204" },
    { "id": 1072, "name": "Amlan", "zip_code": "6203" },
    { "id": 1073, "name": "Ayungon", "zip_code": "6210" },
    { "id": 1074, "name": "Bacong", "zip_code": "6216" },
    { "id": 1075, "name": "Basay", "zip_code": "6222" },
    { "id": 1076, "name": "Bindoy", "zip_code": "6209" },
    { "id": 1077, "name": "Dauin", "zip_code": "6217" },
    { "id": 1078, "name": "Jimalalud", "zip_code": "6212" },
    { "id": 1079, "name": "La Libertad", "zip_code": "6213" },
    { "id": 1080, "name": "Mabinay", "zip_code": "6207" },
    { "id": 1081, "name": "Manjuyod", "zip_code": "6208" },
    { "id": 1082, "name": "Pamplona", "zip_code": "6205" },
    { "id": 1083, "name": "San Jose", "zip_code": "6202" },
    { "id": 1084, "name": "Santa Catalina", "zip_code": "6220" },
    { "id": 1085, "name": "Siaton", "zip_code": "6219" },
    { "id": 1086, "name": "Sibulan", "zip_code": "6201" },
    { "id": 1087, "name": "Tayasan", "zip_code": "6211" },
    { "id": 1088, "name": "Valencia", "zip_code": "6215" },
    { "id": 1089, "name": "Vallehermoso", "zip_code": "6224" },
    { "id": 1090, "name": "Zamboanguita", "zip_code": "6218" }
  ],
  "53": [
    { "id": 1091, "name": "Allen", "zip_code": "6405" },
    { "id": 1092, "name": "Biri", "zip_code": "6410" },
    { "id": 1093, "name": "Bobon", "zip_code": "6401" },
    { "id": 1094, "name": "Capul", "zip_code": "6408" },
    { "id": 1095, "name": "Catarman", "zip_code": "6400" },
    { "id": 1096, "name": "Catubig", "zip_code": "6418" },
    { "id": 1097, "name": "Gamay", "zip_code": "6422" },
    { "id": 1098, "name": "Laoang", "zip_code": "6411" },
    { "id": 1099, "name": "Lapinig", "zip_code": "6423" },
    { "id": 1100, "name": "Las Navas", "zip_code": "6420" },
    { "id": 1101, "name": "Lavezares", "zip_code": "6404" },
    { "id": 1102, "name": "Lope de Vega", "zip_code": "6403" },
    { "id": 1103, "name": "Mapanas", "zip_code": "6412" },
    { "id": 1104, "name": "Mondragon", "zip_code": "6417" },
    { "id": 1105, "name": "Palapag", "zip_code": "6421" },
    { "id": 1106, "name": "Pambujan", "zip_code": "6413" },
    { "id": 1107, "name": "Rosario", "zip_code": "6416" },
    { "id": 1108, "name": "San Antonio", "zip_code": "6407" },
    { "id": 1109, "name": "San Isidro", "zip_code": "6409" },
    { "id": 1110, "name": "San Jose", "zip_code": "6402" },
    { "id": 1111, "name": "San Roque", "zip_code": "6415" },
    { "id": 1112, "name": "San Vicente", "zip_code": "6419" },
    { "id": 1113, "name": "Silvino Lobos", "zip_code": "6414" },
    { "id": 1114, "name": "Victoria", "zip_code": "6406" }
  ],
  "54": [
    { "id": 1115, "name": "Cabanatuan City", "zip_code": "3100" },
    { "id": 1116, "name": "Gapan City", "zip_code": "3105" },
    { "id": 1117, "name": "Science City of Muñoz", "zip_code": "" },
    { "id": 1118, "name": "Palayan City", "zip_code": "3132" },
    { "id": 1119, "name": "San Jose City", "zip_code": "3121" },
    { "id": 1120, "name": "Aliaga", "zip_code": "3111" },
    { "id": 1121, "name": "Bongabon", "zip_code": "3128" },
    { "id": 1122, "name": "Cabiao", "zip_code": "3107" },
    { "id": 1123, "name": "Carranglan", "zip_code": "3123" },
    { "id": 1124, "name": "Cuyapo", "zip_code": "3117" },
    { "id": 1125, "name": "Gabaldon", "zip_code": "3131" },
    { "id": 1126, "name": "General Mamerto Natividad", "zip_code": "3125" },
    { "id": 1127, "name": "General Tinio", "zip_code": "3104" },
    { "id": 1128, "name": "Guimba", "zip_code": "3115" },
    { "id": 1129, "name": "Jaen", "zip_code": "3109" },
    { "id": 1130, "name": "Laur", "zip_code": "3129" },
    { "id": 1131, "name": "Licab", "zip_code": "3112" },
    { "id": 1132, "name": "Llanera", "zip_code": "3126" },
    { "id": 1133, "name": "Lupao", "zip_code": "3122" },
    { "id": 1134, "name": "Nampicuan", "zip_code": "3116" },
    { "id": 1135, "name": "Pantabangan", "zip_code": "3124" },
    { "id": 1136, "name": "Peñaranda", "zip_code": "3103" },
    { "id": 1137, "name": "Quezon", "zip_code": "3113" },
    { "id": 1138, "name": "Rizal", "zip_code": "3127" },
    { "id": 1139, "name": "San Antonio", "zip_code": "3108" },
    { "id": 1140, "name": "San Isidro", "zip_code": "3106" },
    { "id": 1141, "name": "San Leonardo", "zip_code": "3102" },
    { "id": 1142, "name": "Santa Rosa", "zip_code": "3101" },
    { "id": 1143, "name": "Santo Domingo", "zip_code": "3133" },
    { "id": 1144, "name": "Talavera", "zip_code": "3114" },
    { "id": 1145, "name": "Talugtug", "zip_code": "" },
    { "id": 1146, "name": "Zaragoza", "zip_code": "" }
  ],
  "55": [
    { "id": 1147, "name": "Alfonso Castaneda", "zip_code": "" },
    { "id": 1148, "name": "Ambaguio", "zip_code": "3701" },
    { "id": 1149, "name": "Aritao", "zip_code": "3704" },
    { "id": 1150, "name": "Bagabag", "zip_code": "3711" },
    { "id": 1151, "name": "Bambang", "zip_code": "3702" },
    { "id": 1152, "name": "Bayombong", "zip_code": "3700" },
    { "id": 1153, "name": "Diadi", "zip_code": "3712" },
    { "id": 1154, "name": "Dupax del Norte", "zip_code": "3706" },
    { "id": 1155, "name": "Dupax del Sur", "zip_code": "3707" },
    { "id": 1156, "name": "Kasibu", "zip_code": "3703" },
    { "id": 1157, "name": "Kayapa", "zip_code": "3708" },
    { "id": 1158, "name": "Quezon", "zip_code": "3713" },
    { "id": 1159, "name": "Santa Fe", "zip_code": "3705" },
    { "id": 1160, "name": "Solano", "zip_code": "3709" },
    { "id": 1161, "name": "Villaverde", "zip_code": "3710" }
  ],
  "56": [
    { "id": 1162, "name": "Abra de Ilog", "zip_code": "5108" },
    { "id": 1163, "name": "Calintaan", "zip_code": "5102" },
    { "id": 1164, "name": "Looc", "zip_code": "5111" },
    { "id": 1165, "name": "Lubang", "zip_code": "5109" },
    { "id": 1166, "name": "Magsaysay", "zip_code": "5101" },
    { "id": 1167, "name": "Mamburao", "zip_code": "5106" },
    { "id": 1168, "name": "Paluan", "zip_code": "5107" },
    { "id": 1169, "name": "Rizal", "zip_code": "5103" },
    { "id": 1170, "name": "Sablayan", "zip_code": "5104" },
    { "id": 1171, "name": "San Jose", "zip_code": "5100" },
    { "id": 1172, "name": "Santa Cruz", "zip_code": "5105" }
  ],
  "57": [
    { "id": 1173, "name": "Calapan City", "zip_code": "5200" },
    { "id": 1174, "name": "Baco", "zip_code": "5201" },
    { "id": 1175, "name": "Bansud", "zip_code": "5210" },
    { "id": 1176, "name": "Bongabong", "zip_code": "5211" },
    { "id": 1177, "name": "Bulalacao", "zip_code": "5214" },
    { "id": 1178, "name": "Gloria", "zip_code": "5209" },
    { "id": 1179, "name": "Mansalay", "zip_code": "5213" },
    { "id": 1180, "name": "Naujan", "zip_code": "5204" },
    { "id": 1181, "name": "Pinamalayan", "zip_code": "5208" },
    { "id": 1182, "name": "Pola", "zip_code": "5206" },
    { "id": 1183, "name": "Puerto Galera", "zip_code": "5203" },
    { "id": 1184, "name": "Roxas", "zip_code": "5212" },
    { "id": 1185, "name": "San Teodoro", "zip_code": "5202" },
    { "id": 1186, "name": "Socorro", "zip_code": "5207" },
    { "id": 1187, "name": "Victoria", "zip_code": "5205" }
  ],
  "58": [
    { "id": 1188, "name": "Puerto Princesa City", "zip_code": "5300" },
    { "id": 1189, "name": "Aborlan", "zip_code": "5302" },
    { "id": 1190, "name": "Agutaya", "zip_code": "5320" },
    { "id": 1191, "name": "Araceli", "zip_code": "5311" },
    { "id": 1192, "name": "Balabac", "zip_code": "5307" },
    { "id": 1193, "name": "Bataraza", "zip_code": "5306" },
    { "id": 1194, "name": "Brooke's Point", "zip_code": "5305" },
    { "id": 1195, "name": "Busuanga", "zip_code": "5317" },
    { "id": 1196, "name": "Cagayancillo", "zip_code": "5321" },
    { "id": 1197, "name": "Coron", "zip_code": "5316" },
    { "id": 1198, "name": "Culion", "zip_code": "5315" },
    { "id": 1199, "name": "Cuyo", "zip_code": "5318" },
    { "id": 1200, "name": "Dumaran", "zip_code": "5310" },
    { "id": 1201, "name": "El Nido", "zip_code": "5313" },
    { "id": 1202, "name": "Kalayaan", "zip_code": "5322" },
    { "id": 1203, "name": "Linapacan", "zip_code": "5314" },
    { "id": 1204, "name": "Magsaysay", "zip_code": "5319" },
    { "id": 1205, "name": "Narra", "zip_code": "5303" },
    { "id": 1206, "name": "Quezon", "zip_code": "5304" },
    { "id": 1207, "name": "Rizal", "zip_code": "7104" },
    { "id": 1208, "name": "Roxas", "zip_code": "5308" },
    { "id": 1209, "name": "San Vicente", "zip_code": "5309" },
    { "id": 1210, "name": "Sofronio Española", "zip_code": "" },
    { "id": 1211, "name": "Taytay", "zip_code": "5312" }
  ],
  "59": [
    { "id": 1212, "name": "Angeles City", "zip_code": "2009" },
    { "id": 1213, "name": "City of San Fernando", "zip_code": "2000" },
    { "id": 1214, "name": "Apalit", "zip_code": "2016" },
    { "id": 1215, "name": "Arayat", "zip_code": "2012" },
    { "id": 1216, "name": "Bacolor", "zip_code": "2001" },
    { "id": 1217, "name": "Candaba", "zip_code": "2013" },
    { "id": 1218, "name": "Floridablanca", "zip_code": "2006" },
    { "id": 1219, "name": "Guagua", "zip_code": "2003" },
    { "id": 1220, "name": "Lubao", "zip_code": "2005" },
    { "id": 1221, "name": "Mabalacat", "zip_code": "2010" },
    { "id": 1222, "name": "Macabebe", "zip_code": "2018" },
    { "id": 1223, "name": "Magalang", "zip_code": "2011" },
    { "id": 1224, "name": "Masantol", "zip_code": "2017" },
    { "id": 1225, "name": "Mexico", "zip_code": "2021" },
    { "id": 1226, "name": "Minalin", "zip_code": "2019" },
    { "id": 1227, "name": "Porac", "zip_code": "2008" },
    { "id": 1228, "name": "San Luis", "zip_code": "2014" },
    { "id": 1229, "name": "San Simon", "zip_code": "2015" },
    { "id": 1230, "name": "Santa Ana", "zip_code": "2022" },
    { "id": 1231, "name": "Santa Rita", "zip_code": "2002" },
    { "id": 1232, "name": "Santo Tomas", "zip_code": "2020" },
    { "id": 1233, "name": "Sasmuan", "zip_code": "" }
  ],
  "60": [
    { "id": 1234, "name": "Alaminos City", "zip_code": "2404" },
    { "id": 1235, "name": "Dagupan City", "zip_code": "2400" },
    { "id": 1236, "name": "San Carlos City", "zip_code": "2420" },
    { "id": 1237, "name": "Urdaneta City", "zip_code": "2428" },
    { "id": 1238, "name": "Agno", "zip_code": "2408" },
    { "id": 1239, "name": "Aguilar", "zip_code": "2415" },
    { "id": 1240, "name": "Alcala", "zip_code": "2425" },
    { "id": 1241, "name": "Anda", "zip_code": "2405" },
    { "id": 1242, "name": "Asingan", "zip_code": "2439" },
    { "id": 1243, "name": "Balungao", "zip_code": "2442" },
    { "id": 1244, "name": "Bani", "zip_code": "2407" },
    { "id": 1245, "name": "Basista", "zip_code": "2422" },
    { "id": 1246, "name": "Bautista", "zip_code": "2424" },
    { "id": 1247, "name": "Bayambang", "zip_code": "2423" },
    { "id": 1248, "name": "Binalonan", "zip_code": "2436" },
    { "id": 1249, "name": "Binmaley", "zip_code": "2417" },
    { "id": 1250, "name": "Bolinao", "zip_code": "2406" },
    { "id": 1251, "name": "Bugallon", "zip_code": "2416" },
    { "id": 1252, "name": "Burgos", "zip_code": "2410" },
    { "id": 1253, "name": "Calasiao", "zip_code": "2418" },
    { "id": 1254, "name": "Dasol", "zip_code": "2411" },
    { "id": 1255, "name": "Infanta", "zip_code": "2412" },
    { "id": 1256, "name": "Labrador", "zip_code": "2402" },
    { "id": 1257, "name": "Laoac", "zip_code": "2437" },
    { "id": 1258, "name": "Lingayen", "zip_code": "2401" },
    { "id": 1259, "name": "Mabini", "zip_code": "2409" },
    { "id": 1260, "name": "Malasiqui", "zip_code": "2421" },
    { "id": 1261, "name": "Manaoag", "zip_code": "2430" },
    { "id": 1262, "name": "Mangaldan", "zip_code": "2432" },
    { "id": 1263, "name": "Mangatarem", "zip_code": "2413" },
    { "id": 1264, "name": "Mapandan", "zip_code": "2429" },
    { "id": 1265, "name": "Natividad", "zip_code": "2446" },
    { "id": 1266, "name": "Pozzorubio", "zip_code": "" },
    { "id": 1267, "name": "Rosales", "zip_code": "2441" },
    { "id": 1268, "name": "San Fabian", "zip_code": "2433" },
    { "id": 1269, "name": "San Jacinto", "zip_code": "2431" },
    { "id": 1270, "name": "San Manuel", "zip_code": "2438" },
    { "id": 1271, "name": "San Nicolas", "zip_code": "2447" },
    { "id": 1272, "name": "San Quintin", "zip_code": "2444" },
    { "id": 1273, "name": "Santa Barbara", "zip_code": "2419" },
    { "id": 1274, "name": "Santa Maria", "zip_code": "2440" },
    { "id": 1275, "name": "Santo Tomas", "zip_code": "2426" },
    { "id": 1276, "name": "Sison", "zip_code": "2434" },
    { "id": 1277, "name": "Sual", "zip_code": "2403" },
    { "id": 1278, "name": "Tayug", "zip_code": "2445" },
    { "id": 1279, "name": "Umingan", "zip_code": "2443" },
    { "id": 1280, "name": "Urbiztondo", "zip_code": "2414" },
    { "id": 1281, "name": "Villasis", "zip_code": "2427" }
  ],
  "61": [
    { "id": 1282, "name": "Lucena City", "zip_code": "4301" },
    { "id": 1283, "name": "Tayabas City", "zip_code": "4327" },
    { "id": 1284, "name": "Agdangan", "zip_code": "4304" },
    { "id": 1285, "name": "Alabat", "zip_code": "4333" },
    { "id": 1286, "name": "Atimonan", "zip_code": "4331" },
    { "id": 1287, "name": "Buenavista", "zip_code": "4320" },
    { "id": 1288, "name": "Burdeos", "zip_code": "4340" },
    { "id": 1289, "name": "Calauag", "zip_code": "4318" },
    { "id": 1290, "name": "Candelaria", "zip_code": "4323" },
    { "id": 1291, "name": "Catanauan", "zip_code": "4311" },
    { "id": 1292, "name": "Dolores", "zip_code": "4326" },
    { "id": 1293, "name": "General Luna", "zip_code": "4310" },
    { "id": 1294, "name": "General Nakar", "zip_code": "4338" },
    { "id": 1295, "name": "Guinayangan", "zip_code": "4319" },
    { "id": 1296, "name": "Gumaca", "zip_code": "4307" },
    { "id": 1297, "name": "Infanta", "zip_code": "4336" },
    { "id": 1298, "name": "Jomalig", "zip_code": "4342" },
    { "id": 1299, "name": "Lopez", "zip_code": "4316" },
    { "id": 1300, "name": "Lucban", "zip_code": "4328" },
    { "id": 1301, "name": "Macalelon", "zip_code": "4309" },
    { "id": 1302, "name": "Mauban", "zip_code": "4330" },
    { "id": 1303, "name": "Mulanay", "zip_code": "4312" },
    { "id": 1304, "name": "Padre Burgos", "zip_code": "4303" },
    { "id": 1305, "name": "Pagbilao", "zip_code": "4302" },
    { "id": 1306, "name": "Panukulan", "zip_code": "4337" },
    { "id": 1307, "name": "Patnanungan", "zip_code": "4341" },
    { "id": 1308, "name": "Perez", "zip_code": "4334" },
    { "id": 1309, "name": "Pitogo", "zip_code": "4308" },
    { "id": 1310, "name": "Plaridel", "zip_code": "4306" },
    { "id": 1311, "name": "Polillo", "zip_code": "4339" },
    { "id": 1312, "name": "Quezon", "zip_code": "4304" },
    { "id": 1313, "name": "Real", "zip_code": "4335" },
    { "id": 1314, "name": "Sampaloc", "zip_code": "4329" },
    { "id": 1315, "name": "San Andres", "zip_code": "4314" },
    { "id": 1316, "name": "San Antonio", "zip_code": "4324" },
    { "id": 1317, "name": "San Francisco", "zip_code": "4315" },
    { "id": 1318, "name": "San Narciso", "zip_code": "4313" },
    { "id": 1319, "name": "Sariaya", "zip_code": "4322" },
    { "id": 1320, "name": "Tagkawayan", "zip_code": "4321" },
    { "id": 1321, "name": "Tiaong", "zip_code": "4325" },
    { "id": 1322, "name": "Unisan", "zip_code": "4305" }
  ],
  "62": [
    { "id": 1323, "name": "Aglipay", "zip_code": "3403" },
    { "id": 1324, "name": "Cabarroguis", "zip_code": "3400" },
    { "id": 1325, "name": "Diffun", "zip_code": "3401" },
    { "id": 1326, "name": "Maddela", "zip_code": "3404" },
    { "id": 1327, "name": "Nagtipunan", "zip_code": "3405" },
    { "id": 1328, "name": "Saguday", "zip_code": "3402" }
  ],
  "63": [
    { "id": 1329, "name": "Antipolo City", "zip_code": "1870" },
    { "id": 1330, "name": "Angono", "zip_code": "1930" },
    { "id": 1331, "name": "Baras", "zip_code": "1970" },
    { "id": 1332, "name": "Binangonan", "zip_code": "1940" },
    { "id": 1333, "name": "Cainta", "zip_code": "1900" },
    { "id": 1334, "name": "Cardona", "zip_code": "1950" },
    { "id": 1335, "name": "Jalajala", "zip_code": "" },
    { "id": 1336, "name": "Morong", "zip_code": "1960" },
    { "id": 1337, "name": "Pililla", "zip_code": "1910" },
    { "id": 1338, "name": "Rodriguez", "zip_code": "1860" },
    { "id": 1339, "name": "San Mateo", "zip_code": "1850" },
    { "id": 1340, "name": "Tanay", "zip_code": "1980" },
    { "id": 1341, "name": "Taytay", "zip_code": "1920" },
    { "id": 1342, "name": "Teresa", "zip_code": "1880" }
  ],
  "64": [
    { "id": 1343, "name": "Alcantara", "zip_code": "5509" },
    { "id": 1344, "name": "Banton", "zip_code": "5515" },
    { "id": 1345, "name": "Cajidiocan", "zip_code": "5512" },
    { "id": 1346, "name": "Calatrava", "zip_code": "5503" },
    { "id": 1347, "name": "Concepcion", "zip_code": "5516" },
    { "id": 1348, "name": "Corcuera", "zip_code": "5514" },
    { "id": 1349, "name": "Ferrol", "zip_code": "5506" },
    { "id": 1350, "name": "Looc", "zip_code": "5507" },
    { "id": 1351, "name": "Magdiwang", "zip_code": "5511" },
    { "id": 1352, "name": "Odiongan", "zip_code": "5505" },
    { "id": 1353, "name": "Romblon", "zip_code": "5509" },
    { "id": 1354, "name": "San Agustin", "zip_code": "5501" },
    { "id": 1355, "name": "San Andres", "zip_code": "5504" },
    { "id": 1356, "name": "San Fernando", "zip_code": "5513" },
    { "id": 1357, "name": "San Jose", "zip_code": "5510" },
    { "id": 1358, "name": "Santa Fe", "zip_code": "5508" },
    { "id": 1359, "name": "Santa Maria", "zip_code": "5502" }
  ],
  "65": [
    { "id": 1360, "name": "Calbayog City", "zip_code": "6710" },
    { "id": 1361, "name": "Catbalogan City", "zip_code": "6700" },
    { "id": 1362, "name": "Almagro", "zip_code": "6724" },
    { "id": 1363, "name": "Basey", "zip_code": "6720" },
    { "id": 1364, "name": "Calbiga", "zip_code": "6715" },
    { "id": 1365, "name": "Daram", "zip_code": "6722" },
    { "id": 1366, "name": "Gandara", "zip_code": "6706" },
    { "id": 1367, "name": "Hinabangan", "zip_code": "6713" },
    { "id": 1368, "name": "Jiabong", "zip_code": "6701" },
    { "id": 1369, "name": "Marabut", "zip_code": "6721" },
    { "id": 1370, "name": "Matuguinao", "zip_code": "6708" },
    { "id": 1371, "name": "Motiong", "zip_code": "6702" },
    { "id": 1372, "name": "Pagsanghan", "zip_code": "6705" },
    { "id": 1373, "name": "Paranas", "zip_code": "6703" },
    { "id": 1374, "name": "Pinabacdao", "zip_code": "6716" },
    { "id": 1375, "name": "San Jorge", "zip_code": "6707" },
    { "id": 1376, "name": "San Jose De Buan", "zip_code": "6723" },
    { "id": 1377, "name": "San Sebastian", "zip_code": "6714" },
    { "id": 1378, "name": "Santa Margarita", "zip_code": "6709" },
    { "id": 1379, "name": "Santa Rita", "zip_code": "6718" },
    { "id": 1380, "name": "Santo Niño", "zip_code": "6711" },
    { "id": 1381, "name": "Tagapul-an", "zip_code": "6712" },
    { "id": 1382, "name": "Talalora", "zip_code": "6719" },
    { "id": 1383, "name": "Tarangnan", "zip_code": "6704" },
    { "id": 1384, "name": "Villareal", "zip_code": "6717" },
    { "id": 1385, "name": "Zumarraga", "zip_code": "6725" }
  ],
  "66": [
    { "id": 1386, "name": "Alabel", "zip_code": "9501" },
    { "id": 1387, "name": "Glan", "zip_code": "9517" },
    { "id": 1388, "name": "Kiamba", "zip_code": "9514" },
    { "id": 1389, "name": "Maasim", "zip_code": "9502" },
    { "id": 1390, "name": "Maitum", "zip_code": "9515" },
    { "id": 1391, "name": "Malapatan", "zip_code": "9516" },
    { "id": 1392, "name": "Malungon", "zip_code": "9503" }
  ],
  "67": [
    { "id": 1393, "name": "Enrique Villanueva", "zip_code": "6230" },
    { "id": 1394, "name": "Larena", "zip_code": "6226" },
    { "id": 1395, "name": "Lazi", "zip_code": "6228" },
    { "id": 1396, "name": "Maria", "zip_code": "6229" },
    { "id": 1397, "name": "San Juan", "zip_code": "6227" },
    { "id": 1398, "name": "Siquijor", "zip_code": "6230" }
  ],
  "68": [
    { "id": 1399, "name": "Sorsogon City", "zip_code": "4701" },
    { "id": 1400, "name": "Barcelona", "zip_code": "4712" },
    { "id": 1401, "name": "Bulan", "zip_code": "4706" },
    { "id": 1402, "name": "Bulusan", "zip_code": "4704" },
    { "id": 1403, "name": "Casiguran", "zip_code": "4702" },
    { "id": 1404, "name": "Castilla", "zip_code": "4713" },
    { "id": 1405, "name": "Donsol", "zip_code": "4715" },
    { "id": 1406, "name": "Gubat", "zip_code": "4710" },
    { "id": 1407, "name": "Irosin", "zip_code": "4707" },
    { "id": 1408, "name": "Juban", "zip_code": "4703" },
    { "id": 1409, "name": "Magallanes", "zip_code": "4705" },
    { "id": 1410, "name": "Matnog", "zip_code": "4708" },
    { "id": 1411, "name": "Pilar", "zip_code": "4714" },
    { "id": 1412, "name": "Prieto Diaz", "zip_code": "4711" },
    { "id": 1413, "name": "Santa Magdalena", "zip_code": "4709" }
  ],
  "69": [
    { "id": 1414, "name": "General Santos City", "zip_code": "9500" },
    { "id": 1415, "name": "Koronadal City", "zip_code": "9506" },
    { "id": 1416, "name": "Banga", "zip_code": "9511" },
    { "id": 1417, "name": "Lake Sebu", "zip_code": "" },
    { "id": 1418, "name": "Norala", "zip_code": "9508" },
    { "id": 1419, "name": "Polomolok", "zip_code": "9504" },
    { "id": 1420, "name": "Santo Niño", "zip_code": "9509" },
    { "id": 1421, "name": "Surallah", "zip_code": "9512" },
    { "id": 1422, "name": "T'boli", "zip_code": "9513" },
    { "id": 1423, "name": "Tampakan", "zip_code": "9507" },
    { "id": 1424, "name": "Tantangan", "zip_code": "9510" },
    { "id": 1425, "name": "Tupi", "zip_code": "9505" }
  ],
  "70": [
    { "id": 1426, "name": "Maasin City", "zip_code": "6600" },
    { "id": 1427, "name": "Anahawan", "zip_code": "6610" },
    { "id": 1428, "name": "Bontoc", "zip_code": "6604" },
    { "id": 1429, "name": "Hinunangan", "zip_code": "6608" },
    { "id": 1430, "name": "Hinundayan", "zip_code": "6609" },
    { "id": 1431, "name": "Libagon", "zip_code": "6615" },
    { "id": 1432, "name": "Liloan", "zip_code": "6612" },
    { "id": 1433, "name": "Limasawa", "zip_code": "" },
    { "id": 1434, "name": "Macrohon", "zip_code": "6601" },
    { "id": 1435, "name": "Malitbog", "zip_code": "6603" },
    { "id": 1436, "name": "Padre Burgos", "zip_code": "6602" },
    { "id": 1437, "name": "Pintuyan", "zip_code": "6614" },
    { "id": 1438, "name": "Saint Bernard", "zip_code": "6616" },
    { "id": 1439, "name": "San Francisco", "zip_code": "6613" },
    { "id": 1440, "name": "San Juan", "zip_code": "6611" },
    { "id": 1441, "name": "San Ricardo", "zip_code": "6617" },
    { "id": 1442, "name": "Silago", "zip_code": "6607" },
    { "id": 1443, "name": "Sogod", "zip_code": "6606" },
    { "id": 1444, "name": "Tomas Oppus", "zip_code": "6605" }
  ],
  "71": [
    { "id": 1445, "name": "Tacurong City", "zip_code": "9800" },
    { "id": 1446, "name": "Bagumbayan", "zip_code": "9810" },
    { "id": 1447, "name": "Columbio", "zip_code": "9801" },
    { "id": 1448, "name": "Esperanza", "zip_code": "9806" },
    { "id": 1449, "name": "Isulan", "zip_code": "9805" },
    { "id": 1450, "name": "Kalamansig", "zip_code": "9808" },
    { "id": 1451, "name": "Lambayong", "zip_code": "9802" },
    { "id": 1452, "name": "Lebak", "zip_code": "9807" },
    { "id": 1453, "name": "Lutayan", "zip_code": "9803" },
    { "id": 1454, "name": "Palimbang", "zip_code": "9809" },
    { "id": 1455, "name": "President Quirino", "zip_code": "9804" },
    { "id": 1456, "name": "Senator Ninoy Aquino", "zip_code": "9811" }
  ],
  "72": [
    { "id": 1457, "name": "Banguingui", "zip_code": "" },
    { "id": 1458, "name": "Hadji Panglima Tahil", "zip_code": "" },
    { "id": 1459, "name": "Indanan", "zip_code": "7407" },
    { "id": 1460, "name": "Jolo", "zip_code": "7400" },
    { "id": 1461, "name": "Kalingalan Caluang", "zip_code": "" },
    { "id": 1462, "name": "Lugus", "zip_code": "7411" },
    { "id": 1463, "name": "Luuk", "zip_code": "7404" },
    { "id": 1464, "name": "Maimbung", "zip_code": "7409" },
    { "id": 1465, "name": "Old Panamao", "zip_code": "" },
    { "id": 1466, "name": "Omar", "zip_code": "" },
    { "id": 1467, "name": "Pandami", "zip_code": "" },
    { "id": 1468, "name": "Panglima Estino", "zip_code": "7415" },
    { "id": 1469, "name": "Pangutaran", "zip_code": "" },
    { "id": 1470, "name": "Parang", "zip_code": "7408" },
    { "id": 1471, "name": "Pata", "zip_code": "7405" },
    { "id": 1472, "name": "Patikul", "zip_code": "7401" },
    { "id": 1473, "name": "Siasi", "zip_code": "7412" },
    { "id": 1474, "name": "Talipao", "zip_code": "7403" },
    { "id": 1475, "name": "Tapul", "zip_code": "7410" }
  ],
  "73": [
    { "id": 1476, "name": "Surigao City", "zip_code": "8425" },
    { "id": 1477, "name": "Alegria", "zip_code": "8425" },
    { "id": 1478, "name": "Bacuag", "zip_code": "8408" },
    { "id": 1479, "name": "Basilisa", "zip_code": "8413" },
    { "id": 1480, "name": "Burgos", "zip_code": "8424" },
    { "id": 1481, "name": "Cagdianao", "zip_code": "8411" },
    { "id": 1482, "name": "Claver", "zip_code": "8410" },
    { "id": 1483, "name": "Dapa", "zip_code": "8417" },
    { "id": 1484, "name": "Del Carmen", "zip_code": "8418" },
    { "id": 1485, "name": "Dinagat", "zip_code": "8412" },
    { "id": 1486, "name": "General Luna", "zip_code": "8419" },
    { "id": 1487, "name": "Gigaquit", "zip_code": "8409" },
    { "id": 1488, "name": "Libjo", "zip_code": "8414" },
    { "id": 1489, "name": "Loreto", "zip_code": "8415" },
    { "id": 1490, "name": "Mainit", "zip_code": "8407" },
    { "id": 1491, "name": "Malimono", "zip_code": "" },
    { "id": 1492, "name": "Pilar", "zip_code": "8420" },
    { "id": 1493, "name": "Placer", "zip_code": "8405" },
    { "id": 1494, "name": "San Benito", "zip_code": "8423" },
    { "id": 1495, "name": "San Francisco", "zip_code": "8401" },
    { "id": 1496, "name": "San Isidro", "zip_code": "8421" },
    { "id": 1497, "name": "San Jose", "zip_code": "8427" },
    { "id": 1498, "name": "Santa Monica", "zip_code": "8422" },
    { "id": 1499, "name": "Sison", "zip_code": "8404" },
    { "id": 1500, "name": "Socorro", "zip_code": "8416" },
    { "id": 1501, "name": "Tagana-an", "zip_code": "" },
    { "id": 1502, "name": "Tubajon", "zip_code": "" },
    { "id": 1503, "name": "Tubod", "zip_code": "" }
  ],
  "74": [
    { "id": 1504, "name": "Bislig City", "zip_code": "8311" },
    { "id": 1505, "name": "Tandag City", "zip_code": "8300" },
    { "id": 1506, "name": "Barobo", "zip_code": "8309" },
    { "id": 1507, "name": "Bayabas", "zip_code": "8303" },
    { "id": 1508, "name": "Cagwait", "zip_code": "8304" },
    { "id": 1509, "name": "Cantilan", "zip_code": "" },
    { "id": 1510, "name": "Carmen", "zip_code": "8315" },
    { "id": 1511, "name": "Carrascal", "zip_code": "8318" },
    { "id": 1512, "name": "Cortes", "zip_code": "" },
    { "id": 1513, "name": "Hinatuan", "zip_code": "8310" },
    { "id": 1514, "name": "Lanuza", "zip_code": "8314" },
    { "id": 1515, "name": "Lianga", "zip_code": "8307" },
    { "id": 1516, "name": "Lingig", "zip_code": "8312" },
    { "id": 1517, "name": "Madrid", "zip_code": "8316" },
    { "id": 1518, "name": "Marihatag", "zip_code": "8306" },
    { "id": 1519, "name": "San Agustin", "zip_code": "8305" },
    { "id": 1520, "name": "San Miguel", "zip_code": "8301" },
    { "id": 1521, "name": "Tagbina", "zip_code": "8308" },
    { "id": 1522, "name": "Tago", "zip_code": "8302" }
  ],
  "75": [
    { "id": 1523, "name": "Tarlac City", "zip_code": "2310" },
    { "id": 1524, "name": "Anao", "zip_code": "2310" },
    { "id": 1525, "name": "Bamban", "zip_code": "2317" },
    { "id": 1526, "name": "Camiling", "zip_code": "2306" },
    { "id": 1527, "name": "Capas", "zip_code": "2315" },
    { "id": 1528, "name": "Concepcion", "zip_code": "2316" },
    { "id": 1529, "name": "Gerona", "zip_code": "2302" },
    { "id": 1530, "name": "La Paz", "zip_code": "2314" },
    { "id": 1531, "name": "Mayantoc", "zip_code": "2304" },
    { "id": 1532, "name": "Moncada", "zip_code": "2308" },
    { "id": 1533, "name": "Paniqui", "zip_code": "2307" },
    { "id": 1534, "name": "Pura", "zip_code": "2312" },
    { "id": 1535, "name": "Ramos", "zip_code": "2311" },
    { "id": 1536, "name": "San Clemente", "zip_code": "2305" },
    { "id": 1537, "name": "San Jose", "zip_code": "4227" },
    { "id": 1538, "name": "San Manuel", "zip_code": "2309" },
    { "id": 1539, "name": "Santa Ignacia", "zip_code": "2303" },
    { "id": 1540, "name": "Victoria", "zip_code": "2313" }
  ],
  "76": [
    { "id": 1541, "name": "Bongao", "zip_code": "7500" },
    { "id": 1542, "name": "Languyan", "zip_code": "7509" },
    { "id": 1543, "name": "Mapun", "zip_code": "" },
    { "id": 1544, "name": "Panglima Sugala", "zip_code": "" },
    { "id": 1545, "name": "Sapa-Sapa", "zip_code": "7503" },
    { "id": 1546, "name": "Sibutu", "zip_code": "" },
    { "id": 1547, "name": "Simunul", "zip_code": "" },
    { "id": 1548, "name": "Sitangkai", "zip_code": "7506" },
    { "id": 1549, "name": "South Ubian", "zip_code": "7504" },
    { "id": 1550, "name": "Tandubas", "zip_code": "" },
    { "id": 1551, "name": "Turtle Islands", "zip_code": "7507" }
  ],
  "77": [
    { "id": 1552, "name": "Olongapo City", "zip_code": "2200" },
    { "id": 1553, "name": "Botolan", "zip_code": "2202" },
    { "id": 1554, "name": "Cabangan", "zip_code": "2203" },
    { "id": 1555, "name": "Candelaria", "zip_code": "2212" },
    { "id": 1556, "name": "Castillejos", "zip_code": "" },
    { "id": 1557, "name": "Iba", "zip_code": "2201" },
    { "id": 1558, "name": "Masinloc", "zip_code": "2211" },
    { "id": 1559, "name": "Palauig", "zip_code": "2210" },
    { "id": 1560, "name": "San Antonio", "zip_code": "2206" },
    { "id": 1561, "name": "San Felipe", "zip_code": "2204" },
    { "id": 1562, "name": "San Marcelino", "zip_code": "2207" },
    { "id": 1563, "name": "San Narciso", "zip_code": "2205" },
    { "id": 1564, "name": "Santa Cruz", "zip_code": "2213" },
    { "id": 1565, "name": "Subic", "zip_code": "" }
  ],
  "78": [
    { "id": 1566, "name": "Dapitan City", "zip_code": "7101" },
    { "id": 1567, "name": "Dipolog City", "zip_code": "7100" },
    { "id": 1568, "name": "Bacungan", "zip_code": "" },
    { "id": 1569, "name": "Baliguian", "zip_code": "7123" },
    { "id": 1570, "name": "Godod", "zip_code": "" },
    { "id": 1571, "name": "Gutalac", "zip_code": "7118" },
    { "id": 1572, "name": "Jose Dalman", "zip_code": "7111" },
    { "id": 1573, "name": "Kalawit", "zip_code": "7124" },
    { "id": 1574, "name": "Katipunan", "zip_code": "7109" },
    { "id": 1575, "name": "La Libertad", "zip_code": "7119" },
    { "id": 1576, "name": "Labason", "zip_code": "7117" },
    { "id": 1577, "name": "Liloy", "zip_code": "7115" },
    { "id": 1578, "name": "Manukan", "zip_code": "7110" },
    { "id": 1579, "name": "Mutia", "zip_code": "7107" },
    { "id": 1580, "name": "Piñan", "zip_code": "7105" },
    { "id": 1581, "name": "Polanco", "zip_code": "7106" },
    { "id": 1582, "name": "President Manuel A. Roxas", "zip_code": "" },
    { "id": 1583, "name": "Rizal", "zip_code": "7104" },
    { "id": 1584, "name": "Salug", "zip_code": "7114" },
    { "id": 1585, "name": "Sergio Osmeña Sr.", "zip_code": "" },
    { "id": 1586, "name": "Siayan", "zip_code": "7113" },
    { "id": 1587, "name": "Sibuco", "zip_code": "7122" },
    { "id": 1588, "name": "Sibutad", "zip_code": "7103" },
    { "id": 1589, "name": "Sindangan", "zip_code": "7112" },
    { "id": 1590, "name": "Siocon", "zip_code": "7120" },
    { "id": 1591, "name": "Sirawai", "zip_code": "" },
    { "id": 1592, "name": "Tampilisan", "zip_code": "7116" }
  ],
  "79": [
    { "id": 1593, "name": "Pagadian City", "zip_code": "7016" },
    { "id": 1594, "name": "Zamboanga City", "zip_code": "7000" },
    { "id": 1595, "name": "Aurora", "zip_code": "7020" },
    { "id": 1596, "name": "Bayog", "zip_code": "7011" },
    { "id": 1597, "name": "Dimataling", "zip_code": "7032" },
    { "id": 1598, "name": "Dinas", "zip_code": "7030" },
    { "id": 1599, "name": "Dumalinao", "zip_code": "7015" },
    { "id": 1600, "name": "Dumingag", "zip_code": "7028" },
    { "id": 1601, "name": "Guipos", "zip_code": "7042" },
    { "id": 1602, "name": "Josefina", "zip_code": "7027" },
    { "id": 1603, "name": "Kumalarang", "zip_code": "7013" },
    { "id": 1604, "name": "Labangan", "zip_code": "7017" },
    { "id": 1605, "name": "Lakewood", "zip_code": "7014" },
    { "id": 1606, "name": "Lapuyan", "zip_code": "7037" },
    { "id": 1607, "name": "Mahayag", "zip_code": "7026" },
    { "id": 1608, "name": "Margosatubig", "zip_code": "" },
    { "id": 1609, "name": "Midsalip", "zip_code": "7021" },
    { "id": 1610, "name": "Molave", "zip_code": "7023" },
    { "id": 1611, "name": "Pitogo", "zip_code": "7033" },
    { "id": 1612, "name": "Ramon Magsaysay", "zip_code": "7024" },
    { "id": 1613, "name": "San Miguel", "zip_code": "7029" },
    { "id": 1614, "name": "San Pablo", "zip_code": "7031" },
    { "id": 1615, "name": "Sominot", "zip_code": "" },
    { "id": 1616, "name": "Tabina", "zip_code": "7034" },
    { "id": 1617, "name": "Tambulig", "zip_code": "7025" },
    { "id": 1618, "name": "Tigbao", "zip_code": "7043" },
    { "id": 1619, "name": "Tukuran", "zip_code": "7019" },
    { "id": 1620, "name": "Vincenzo A. Sagun", "zip_code": "" }
  ],
  "80": [
    { "id": 1621, "name": "Alicia", "zip_code": "7040" },
    { "id": 1622, "name": "Buug", "zip_code": "" },
    { "id": 1623, "name": "Diplahan", "zip_code": "7039" },
    { "id": 1624, "name": "Imelda", "zip_code": "7007" },
    { "id": 1625, "name": "Ipil", "zip_code": "7001" },
    { "id": 1626, "name": "Kabasalan", "zip_code": "7005" },
    { "id": 1627, "name": "Mabuhay", "zip_code": "7010" },
    { "id": 1628, "name": "Malangas", "zip_code": "7038" },
    { "id": 1629, "name": "Naga", "zip_code": "7004" },
    { "id": 1630, "name": "Olutanga", "zip_code": "7041" },
    { "id": 1631, "name": "Payao", "zip_code": "7008" },
    { "id": 1632, "name": "Roseller Lim", "zip_code": "7002" },
    { "id": 1633, "name": "Siay", "zip_code": "7006" },
    { "id": 1634, "name": "Talusan", "zip_code": "7012" },
    { "id": 1635, "name": "Titay", "zip_code": "7003" },
    { "id": 1636, "name": "Tungawan", "zip_code": "7018" }
  ]
}
